Symbol,Series,Date,Prev Close,Open Price,High Price,Low Price,Last Price,Close Price,Average Price,Total Traded Quantity,Turnover,No. of Trades
RELIANCE,EQ,17-Nov-16,986.55,986,998.15,974.4,977.05,977.75,987.21,2886635,2849709344,78724
RELIANCE,EQ,18-Nov-16,977.75,985,992.7,982,986.4,987.5,987.8,4151928,4101257453,123195
RELIANCE,EQ,21-Nov-16,987.5,987.55,993.55,983.2,993,991.5,988.95,3024712,2991285792,89103
RELIANCE,EQ,22-Nov-16,991.5,997.7,1007.8,993.3,1001.3,1001.45,1000.64,4033660,4036245792,100268
RELIANCE,EQ,23-Nov-16,1001.45,1005,1010.5,999.55,1007,1009,1005.35,2996248,3012288585,68315
RELIANCE,EQ,24-Nov-16,1009,1005.55,1005.55,982.2,992.4,987.35,989.73,4323375,4278988686,98362
RELIANCE,EQ,25-Nov-16,987.35,990,995.9,984.35,993,993.7,989.79,2389829,2365422434,90829
RELIANCE,EQ,28-Nov-16,993.7,993,1000.6,984.1,986.5,986.65,991.92,1900161,1884801099,85702
RELIANCE,EQ,29-Nov-16,986.65,989,1004.3,988.05,997.95,997.7,999.9,2259609,2259387576,83165
RELIANCE,EQ,30-Nov-16,997.7,999.95,999.95,986.65,988.15,990.05,990.16,6308004,6245953461,103344
RELIANCE,EQ,1-Dec-16,990.05,1000,1015,995,996.5,997.75,1004.55,2886513,2899649144,64770
RELIANCE,EQ,2-Dec-16,997.75,995.9,1005,991.8,995.6,994.75,999.59,2853045,2851867040,115352
RELIANCE,EQ,5-Dec-16,994.75,995,999.7,986.5,993.05,993.85,993.15,911410,905170181.8,33770
RELIANCE,EQ,6-Dec-16,993.85,996,1006.55,994.6,1003.25,1005.2,1000.6,1537535,1538464382,77584
RELIANCE,EQ,7-Dec-16,1005.2,1004,1007.6,996.35,1001.85,999.15,1002.8,1127113,1130270449,47622
RELIANCE,EQ,8-Dec-16,999.15,1005.05,1021.8,1004.35,1019.55,1020.05,1017.09,2000230,2034423374,63936
RELIANCE,EQ,9-Dec-16,1020.05,1022,1031.85,1020.3,1028.95,1028.95,1027.97,1883333,1936017722,61243
RELIANCE,EQ,12-Dec-16,1028.95,1020.5,1041.7,1020.5,1024.9,1027.2,1034.34,2062700,2133530208,72075
RELIANCE,EQ,13-Dec-16,1027.2,1028,1041,1027.55,1039,1039.8,1037.64,2369453,2458635174,84958
RELIANCE,EQ,14-Dec-16,1039.8,1039.8,1064.45,1038.2,1056.35,1059.5,1056.76,5517829,5830998013,117128
RELIANCE,EQ,15-Dec-16,1059.5,1052.4,1067.6,1048.65,1051,1052.95,1059.31,4418967,4681049111,75838
RELIANCE,EQ,16-Dec-16,1052.95,1052,1062,1052,1055.85,1057.15,1057.34,3415537,3611399948,77749
RELIANCE,EQ,19-Dec-16,1057.15,1055,1066.95,1054.35,1060.55,1062.55,1063.71,3430950,3649521700,55483
RELIANCE,EQ,20-Dec-16,1062.55,1054.7,1061,1053.15,1060,1057.9,1058.65,2671719,2828402959,47616
RELIANCE,EQ,21-Dec-16,1057.9,1060.1,1067.3,1057.2,1063,1063.25,1061.12,4655758,4940302653,89738
RELIANCE,EQ,22-Dec-16,1063.25,1058,1062.65,1050.95,1052,1053.35,1058.51,6604416,6990846841,71577
RELIANCE,EQ,23-Dec-16,1053.35,1052,1068.95,1052,1059.9,1057.3,1059.91,2346414,2486990080,67543
RELIANCE,EQ,26-Dec-16,1057.3,1054.35,1066,1044.65,1044.95,1047.45,1056.49,3502299,3700130720,45499
RELIANCE,EQ,27-Dec-16,1047.45,1047.85,1067.1,1047,1064.85,1064.7,1056.43,3987142,4212155359,35254
RELIANCE,EQ,28-Dec-16,1064.7,1067.9,1069.55,1047.1,1051.15,1049.7,1057.89,2202927,2330463999,76376
RELIANCE,EQ,29-Dec-16,1049.7,1050,1068.8,1049.5,1064.05,1065.45,1058.89,2005206,2123298035,70952
RELIANCE,EQ,30-Dec-16,1065.45,1064.8,1085,1063.1,1080.7,1082.4,1079.52,3591493,3877071530,71421
RELIANCE,EQ,2-Jan-17,1082.4,1084,1090,1072.35,1086.7,1085.1,1086.63,1622458,1763016191,38903
RELIANCE,EQ,3-Jan-17,1085.1,1089.85,1097,1081.1,1089,1089.4,1091.74,1470751,1605682135,31291
RELIANCE,EQ,4-Jan-17,1089.4,1092.9,1093,1064.3,1067.15,1067.15,1072.39,2375547,2547513624,70540
RELIANCE,EQ,5-Jan-17,1067.15,1071,1079.9,1068.75,1077,1077.4,1077.12,1996483,2150451749,84058
RELIANCE,EQ,6-Jan-17,1077.4,1074.2,1085,1073.1,1073.95,1074.95,1078.77,1793427,1934704005,66643
RELIANCE,EQ,9-Jan-17,1074.95,1077,1086,1071,1078,1077.7,1079.41,1195257,1290170893,37309
RELIANCE,EQ,10-Jan-17,1077.7,1080,1094.4,1080,1088,1089.85,1089.83,2594400,2827464834,76596
RELIANCE,EQ,11-Jan-17,1089.85,1095,1095.7,1084,1084.8,1086.05,1087.58,2623211,2852942524,58033
RELIANCE,EQ,12-Jan-17,1086.05,1087,1090.35,1079.8,1080.45,1083.3,1084.63,999364,1083937776,29486
RELIANCE,EQ,13-Jan-17,1083.3,1084.55,1097.5,1084.55,1089.95,1090.4,1091.91,1653669,1805654453,52984
RELIANCE,EQ,16-Jan-17,1090.4,1089.95,1093.95,1073.95,1076.7,1076.25,1078.39,2746005,2961250762,59289
RELIANCE,EQ,17-Jan-17,1076.25,1065,1068,1038.5,1040,1041.25,1049.23,8968290,9409827087,172984
RELIANCE,EQ,18-Jan-17,1041.25,1042.6,1048,1028.75,1031.95,1032.55,1036.48,3627071,3759369531,155581
RELIANCE,EQ,19-Jan-17,1032.55,1035.15,1045.3,1031,1032.45,1033.7,1037.12,3493728,3623411808,117616
RELIANCE,EQ,20-Jan-17,1033.7,1033.95,1037.45,1023.9,1025.7,1025.8,1029.42,2008082,2067168054,75554
RELIANCE,EQ,23-Jan-17,1025.8,1021.8,1031,1012.8,1018.4,1015.9,1019.37,3133533,3194244709,98745
RELIANCE,EQ,24-Jan-17,1015.9,1017,1028.8,1017,1027.9,1027.3,1024.12,2153091,2205027804,67115
RELIANCE,EQ,25-Jan-17,1027.3,1032,1032.7,1016.15,1018.05,1017.3,1020.11,5453230,5562884614,161600
RELIANCE,EQ,27-Jan-17,1017.3,1020.25,1028.9,1019,1028.15,1025.1,1024.42,4997239,5119264082,109980
RELIANCE,EQ,30-Jan-17,1025.1,1024.95,1046.45,1024.8,1044.95,1044.8,1038.36,3583756,3721227069,88109
RELIANCE,EQ,31-Jan-17,1044.8,1046.85,1053.8,1040.3,1045,1045.2,1046.18,3457365,3617029514,95062
RELIANCE,EQ,1-Feb-17,1045.2,1046.1,1050.9,1035.2,1050,1049.65,1044.86,2585798,2701805551,83931
RELIANCE,EQ,2-Feb-17,1049.65,1050,1050.8,1038.25,1045.55,1043.5,1042.22,2079908,2167729582,64859
RELIANCE,EQ,3-Feb-17,1043.5,1046,1050.45,1030.1,1033.45,1033.65,1038.23,3021751,3137286044,48459
RELIANCE,EQ,6-Feb-17,1033.65,1037,1044.9,1032.05,1040.7,1041.65,1038.21,2283982,2371255826,60273
RELIANCE,EQ,7-Feb-17,1041.65,1042,1042.35,1027.2,1031.95,1030.9,1031.93,2264245,2336537922,67846
RELIANCE,EQ,8-Feb-17,1030.9,1030.9,1038.25,1022,1022.7,1025.15,1027.7,3710094,3812874885,96353
RELIANCE,EQ,9-Feb-17,1025.15,1028,1034,1026.8,1032.45,1032.75,1030.58,2254216,2323159365,97836
RELIANCE,EQ,10-Feb-17,1032.75,1035,1035.55,1025.55,1030,1030.15,1030.89,2861531,2949922515,81923
RELIANCE,EQ,13-Feb-17,1030.15,1033,1034,1022,1030,1029.85,1026.56,1957988,2009983985,53352
RELIANCE,EQ,14-Feb-17,1029.85,1035,1052.9,1029.9,1048.1,1049.8,1047.4,4170414,4368108267,108276
RELIANCE,EQ,15-Feb-17,1049.8,1052.9,1057.5,1045.25,1050.35,1051.3,1052.94,3482845,3667220076,73263
RELIANCE,EQ,16-Feb-17,1051.3,1052.55,1069.45,1052.55,1065.95,1067.5,1062.56,4492847,4773923841,54707
RELIANCE,EQ,17-Feb-17,1067.5,1066.5,1078.2,1058.45,1070.7,1075.5,1070.57,3393856,3633367038,72587
RELIANCE,EQ,20-Feb-17,1075.5,1070.55,1078.85,1066.5,1075,1075.4,1074.6,2663127,2861806843,46942
RELIANCE,EQ,21-Feb-17,1075.4,1075.2,1090.95,1073.05,1088.1,1088.2,1084.82,3242790,3517853374,78020
RELIANCE,EQ,22-Feb-17,1088.2,1093,1211.65,1092,1209.8,1207.5,1177.82,29103926,34279184225,529232
RELIANCE,EQ,23-Feb-17,1207.5,1213.6,1222,1179.35,1186.8,1182.75,1196.34,14229234,17023004701,325600
RELIANCE,EQ,27-Feb-17,1182.75,1190.5,1256.8,1190.35,1237.55,1238.9,1241.99,19068911,23683416514,248086
RELIANCE,EQ,28-Feb-17,1238.9,1232,1248,1228.5,1237.65,1238.05,1240.68,8254531,10241229539,132662
RELIANCE,EQ,1-Mar-17,1238.05,1240.1,1244.4,1230,1231.55,1234.5,1238.28,5574153,6902376076,86071
RELIANCE,EQ,2-Mar-17,1234.5,1237.9,1254.7,1227.05,1234.95,1236.75,1241.01,4129033,5124164950,114912
RELIANCE,EQ,3-Mar-17,1236.75,1241.55,1287.8,1241.55,1258.6,1258.55,1269.09,19270851,24456422018,218969
RELIANCE,EQ,6-Mar-17,1258.55,1269,1312,1265.25,1308,1305.35,1298.39,15252154,19803196906,271304
RELIANCE,EQ,7-Mar-17,1305.35,1318.85,1327,1296.15,1306.35,1304.95,1309.21,9616850,12590518108,187234
RELIANCE,EQ,8-Mar-17,1304.95,1307.7,1307.7,1286.1,1288.15,1291.2,1294.73,9906103,12825718918,117724
RELIANCE,EQ,9-Mar-17,1291.2,1290,1298,1281.5,1285.4,1286.75,1287.46,7107670,9150874647,91156
RELIANCE,EQ,10-Mar-17,1286.75,1290.25,1296,1261.2,1279.1,1281.65,1282.25,5665568,7264671760,82236
RELIANCE,EQ,14-Mar-17,1281.65,1318.75,1319,1285.25,1288.25,1289.5,1299.08,6346620,8244794509,148050
RELIANCE,EQ,15-Mar-17,1289.5,1291.05,1316.3,1290.4,1302,1304.95,1306.9,5510658,7201863486,118169
RELIANCE,EQ,16-Mar-17,1304.95,1310,1310.4,1293.6,1296.8,1297.65,1300.24,3639964,4732822404,101204
RELIANCE,EQ,17-Mar-17,1297.65,1308,1319.95,1298.05,1300.55,1300.7,1302.8,5195076,6768124195,103713
RELIANCE,EQ,20-Mar-17,1300.7,1306,1306.25,1278.35,1280.95,1280.8,1287.84,2941714,3788456426,85225
RELIANCE,EQ,21-Mar-17,1280.8,1282.2,1283.9,1259.3,1265.2,1263.8,1270.21,5165107,6560786986,97439
RELIANCE,EQ,22-Mar-17,1263.8,1252,1265.9,1246.55,1260.45,1259.7,1257.09,4638338,5830800371,123911
RELIANCE,EQ,23-Mar-17,1259.7,1263.15,1277.55,1258,1272,1273.3,1269.4,2699090,3426224947,100190
RELIANCE,EQ,24-Mar-17,1273.3,1274.1,1292,1268.45,1284,1286.75,1282.43,3721911,4773078555,122493
RELIANCE,BL,27-Mar-17,867.15,1270.25,1270.25,1269.25,1269.25,1269.25,1270.02,948596,1204739009,5
RELIANCE,EQ,27-Mar-17,1286.75,1271.1,1278.75,1247.2,1248.5,1251.1,1258.23,7418122,9333736052,178024
RELIANCE,EQ,28-Mar-17,1251.1,1258,1264,1242.1,1246.3,1245.75,1249.71,4961934,6200976653,100601
RELIANCE,EQ,29-Mar-17,1245.75,1251.7,1260,1233.35,1259.2,1256.65,1246.51,4325787,5392124743,119423
RELIANCE,EQ,30-Mar-17,1256.65,1255,1274.75,1253,1267.6,1270.65,1267.91,6368859,8075111743,113795
RELIANCE,EQ,31-Mar-17,1270.65,1266,1337.65,1266,1320.6,1320.9,1311.06,10375519,13602917637,209261
RELIANCE,EQ,3-Apr-17,1320.9,1342,1380.5,1337.05,1373.25,1374.65,1365.85,10260327,14014070971,167021
RELIANCE,EQ,5-Apr-17,1374.65,1395.2,1418,1380.1,1415.05,1415,1400.66,9217360,12910386481,188615
RELIANCE,EQ,6-Apr-17,1415,1409,1448.9,1402.2,1434,1438.5,1429.25,11571075,16537975353,193297
RELIANCE,EQ,7-Apr-17,1438.5,1421.3,1434,1402.55,1405.25,1406.6,1419.57,7286151,10343188455,172166
RELIANCE,EQ,10-Apr-17,1406.6,1410,1424.9,1377.3,1384.75,1381.35,1396.97,7033141,9825093896,146691
RELIANCE,EQ,11-Apr-17,1381.35,1387.85,1400.45,1370.1,1375.7,1372.35,1382.9,7371727,10194385221,150329
RELIANCE,EQ,12-Apr-17,1372.35,1382.8,1386.45,1351.15,1355,1354,1363.72,6274215,8556264241,162585
RELIANCE,EQ,13-Apr-17,1354,1354,1373.4,1347.35,1365.8,1364.8,1365.73,2906188,3969077630,68868
RELIANCE,EQ,17-Apr-17,1364.8,1365,1395.55,1365,1391.45,1391.85,1380.35,2705854,3735039098,56746
RELIANCE,EQ,18-Apr-17,1391.85,1399.95,1410,1367,1369,1370.2,1393.47,3661083,5101601216,88267
RELIANCE,EQ,19-Apr-17,1370.2,1369,1382.55,1357.55,1369.95,1368.8,1368.72,2645292,3620655412,80500
RELIANCE,EQ,20-Apr-17,1368.8,1379,1386.8,1364.1,1370.45,1369.55,1371.78,1918612,2631919172,55149
RELIANCE,EQ,21-Apr-17,1369.55,1380.5,1421,1378.55,1405,1402.5,1404.5,6910277,9705482124,137920
RELIANCE,EQ,24-Apr-17,1402.5,1409.05,1435,1400.2,1417.85,1417.4,1418.74,5831731,8273693518,183083
RELIANCE,EQ,25-Apr-17,1417.4,1460,1467.75,1426.1,1431,1432.8,1442.9,8403704,12125713088,176682
RELIANCE,EQ,26-Apr-17,1432.8,1435,1440.05,1402.6,1416.5,1416.45,1421.45,3831775,5446671309,108141
RELIANCE,EQ,27-Apr-17,1416.45,1417,1424.15,1402.2,1409,1409.5,1408.44,2873655,4047372599,67915
RELIANCE,EQ,28-Apr-17,1409.5,1409.75,1420.3,1391,1394.25,1395.2,1403.8,2708404,3802054530,65970
RELIANCE,EQ,2-May-17,1395.2,1402,1402,1366.3,1372,1370.55,1375.81,4249684,5846767714,98491
RELIANCE,EQ,3-May-17,1370.55,1376.9,1380.75,1365,1370.2,1370.1,1371.36,2171549,2977965401,51100
RELIANCE,EQ,4-May-17,1370.1,1375,1379.6,1354.05,1361.6,1357.95,1364.31,3283811,4480138684,101401
RELIANCE,EQ,5-May-17,1357.95,1361.6,1367.35,1325,1328.4,1328.25,1343.7,3565543,4791006381,81287
RELIANCE,EQ,8-May-17,1328.25,1330,1339.5,1318.35,1320.1,1321.4,1328,3672585,4877180992,64261
RELIANCE,EQ,9-May-17,1321.4,1324,1333.65,1320.25,1330,1330.35,1329.47,4824511,6414062773,73661
RELIANCE,EQ,10-May-17,1330.35,1334.8,1363.6,1330.65,1359.2,1359.1,1352.69,5235932,7082604050,127713
RELIANCE,EQ,11-May-17,1359.1,1364.1,1369.75,1351.65,1357,1359.55,1361,3150756,4288166983,81000
RELIANCE,EQ,12-May-17,1359.55,1360.05,1364,1344.05,1349.9,1350.45,1351.52,1719729,2324243177,45354
RELIANCE,EQ,15-May-17,1350.45,1356.4,1356.4,1333.5,1343.6,1344.1,1344.22,1540213,2070378803,75812
RELIANCE,EQ,16-May-17,1344.1,1346.05,1376.9,1341,1356.2,1356.3,1360.59,2892947,3936121464,79767
RELIANCE,EQ,17-May-17,1356.3,1353,1365.95,1347.75,1350,1353.1,1354.16,2250304,3047263294,56277
RELIANCE,EQ,18-May-17,1353.1,1340.25,1350,1324.1,1327.45,1327.35,1336.14,2237916,2990177747,84723
RELIANCE,EQ,19-May-17,1327.35,1333,1335.7,1310,1318.2,1318.85,1321.99,2928883,3871939701,115988
RELIANCE,EQ,22-May-17,1318.85,1326.5,1333.6,1315.2,1326,1324.15,1322.82,2011859,2661318293,89828
RELIANCE,EQ,23-May-17,1324.15,1325.7,1329.85,1302,1304.55,1305.55,1313.55,2108223,2769246987,81667
RELIANCE,EQ,24-May-17,1305.55,1307.5,1313.7,1295.1,1299,1297.7,1302.71,3274804,4266122162,78535
RELIANCE,EQ,25-May-17,1297.7,1300,1312.4,1296.45,1301.5,1302.45,1303.19,5925335,7721842990,114553
RELIANCE,EQ,26-May-17,1302.45,1303.95,1344.4,1300,1339,1337.3,1320.18,4898639,6467102969,111248
RELIANCE,EQ,29-May-17,1337.3,1337,1365.45,1335.6,1355.25,1356.9,1352.77,5491170,7428268297,88604
RELIANCE,EQ,30-May-17,1356.9,1355.9,1364.7,1348.5,1360,1359.35,1357.25,2207727,2996431672,71958
RELIANCE,EQ,31-May-17,1359.35,1367,1367.95,1335.8,1340,1340.7,1346.68,3754099,5055552392,153444
RELIANCE,EQ,1-Jun-17,1340.7,1332.7,1340,1323,1329.85,1328.25,1329.31,2179328,2896998252,79314
RELIANCE,EQ,2-Jun-17,1328.25,1335,1338.7,1317,1322.9,1324.75,1326.29,2627565,3484908658,92530
RELIANCE,EQ,5-Jun-17,1324.75,1326.25,1341,1315.85,1330,1329.35,1328.64,2476706,3290662701,77234
RELIANCE,EQ,6-Jun-17,1329.35,1333.95,1333.95,1311,1312.5,1312.8,1320.16,2192356,2894270055,61140
RELIANCE,EQ,7-Jun-17,1312.8,1311.2,1342,1309,1339,1339,1328.04,2559954,3399718610,102403
RELIANCE,EQ,8-Jun-17,1339,1340,1344.8,1328.05,1333.9,1331.7,1332.33,1806521,2406881915,61841
RELIANCE,EQ,9-Jun-17,1331.7,1345.1,1352.95,1331,1332.95,1335.7,1340.93,3162802,4241088719,78984
RELIANCE,EQ,12-Jun-17,1335.7,1326.55,1329.75,1317,1319,1319.45,1321.07,1927513,2546372487,44210
RELIANCE,EQ,13-Jun-17,1319.45,1320.6,1327,1311,1312,1314.35,1318.87,1377291,1816467341,63864
RELIANCE,EQ,14-Jun-17,1314.35,1315.9,1360,1315.9,1360,1357.5,1348.06,12101027,16312963495,139964
RELIANCE,EQ,15-Jun-17,1357.5,1360,1395,1359.1,1377.35,1383.95,1379.51,6466804,8921027745,122808
RELIANCE,EQ,16-Jun-17,1383.95,1389.1,1395.8,1369.3,1387.1,1388.8,1384.77,7477157,10354166800,126947
RELIANCE,EQ,19-Jun-17,1388.8,1390.2,1415.8,1390.2,1407,1409.25,1409.38,3482912,4908755460,97727
RELIANCE,EQ,20-Jun-17,1409.25,1409,1422.1,1407.45,1411.05,1412.35,1414.55,2318399,3279484043,54658
RELIANCE,EQ,21-Jun-17,1412.35,1407.8,1428,1404.25,1427.75,1422,1418.57,4569943,6482764628,72533
RELIANCE,EQ,22-Jun-17,1422,1429.45,1445.4,1427.7,1434.8,1432.65,1438.13,5055942,7271102905,67464
RELIANCE,EQ,23-Jun-17,1432.65,1436,1442,1430.6,1432.1,1435.85,1437.72,7118832,10234862867,84739
RELIANCE,EQ,27-Jun-17,1435.85,1432,1443,1425,1439.05,1437.15,1433.65,7449878,10680534186,95862
RELIANCE,EQ,28-Jun-17,1437.15,1439.95,1439.95,1395.55,1399.8,1398.5,1408.58,3558538,5012497440,96283
RELIANCE,EQ,29-Jun-17,1398.5,1400,1410,1390.1,1392.35,1392.7,1397.72,2948322,4120928819,73181
RELIANCE,EQ,30-Jun-17,1392.7,1392,1392.4,1375.05,1383,1380,1381.68,1786211,2467964901,57115
RELIANCE,EQ,3-Jul-17,1380,1388.2,1394.7,1371,1384,1381.05,1381.94,2101886,2904674175,58487
RELIANCE,EQ,4-Jul-17,1381.05,1390,1427.1,1389,1422,1421.95,1411.47,4301200,6071002327,79094
RELIANCE,EQ,5-Jul-17,1421.95,1429.45,1447.45,1424,1440.05,1442.65,1440.65,6219522,8960156338,67692
RELIANCE,EQ,6-Jul-17,1442.65,1448.7,1450,1438,1442,1442.55,1444.2,3106517,4486436977,51171
RELIANCE,EQ,7-Jul-17,1442.55,1443,1497.75,1440,1489.5,1491.15,1467.56,8193635,12024672967,118579
RELIANCE,EQ,10-Jul-17,1491.15,1530,1550,1489.1,1491,1492.85,1495.16,815433,1219206576,9771
RELIANCE,EQ,11-Jul-17,1492.85,1501,1504.4,1487,1496.5,1494.35,1495.08,4799229,7175215647,58533
RELIANCE,EQ,12-Jul-17,1494.35,1499.4,1525,1497.5,1511.25,1511.1,1512.3,3909797,5912789615,130937
RELIANCE,EQ,13-Jul-17,1511.1,1508.75,1525,1506.15,1518.6,1522.1,1516.35,5259759,7975613062,80445
RELIANCE,EQ,14-Jul-17,1522.1,1520,1536,1515.55,1533,1533.75,1527.64,4693011,7169211717,60570
RELIANCE,EQ,17-Jul-17,1533.75,1537,1559.6,1537,1548.7,1551.75,1550.72,4285809,6646109252,58737
RELIANCE,EQ,18-Jul-17,1551.75,1546.8,1551.8,1511,1520.5,1519.9,1526.5,4489412,6853087595,91217
RELIANCE,EQ,19-Jul-17,1519.9,1512.6,1538,1512.6,1538,1532.95,1527.52,2695041,4116718439,77682
RELIANCE,EQ,20-Jul-17,1532.95,1539.75,1550,1523.7,1526.1,1528.9,1535.46,3114686,4782481317,71431
RELIANCE,EQ,21-Jul-17,1528.9,1550,1591.7,1544.95,1584,1585,1572.08,22205112,34908155069,427790
RELIANCE,EQ,24-Jul-17,1585,1600,1624.9,1585,1619,1615.25,1613.62,9927229,16018796812,192058
RELIANCE,EQ,25-Jul-17,1615.25,1624.7,1624.95,1597.6,1602.5,1602.15,1610.25,4586079,7384713585,110309
RELIANCE,EQ,26-Jul-17,1602.15,1604.2,1629.9,1601.1,1621.15,1622.75,1620.72,5018389,8133382696,126847
RELIANCE,EQ,27-Jul-17,1622.75,1628,1631.5,1588.35,1592.8,1594.8,1608.84,4208071,6770133069,74777
RELIANCE,EQ,28-Jul-17,1594.8,1591.25,1605.95,1578,1594,1594.45,1592.27,3276023,5216321536,81539
RELIANCE,EQ,31-Jul-17,1594.45,1601.95,1618.8,1596,1615.45,1615.2,1610.24,3787034,6098027727,77426
RELIANCE,EQ,1-Aug-17,1615.2,1622.75,1622.75,1591.5,1605.8,1603.6,1605,2814298,4516958842,80380
RELIANCE,EQ,2-Aug-17,1603.6,1610,1635.7,1608.1,1625.1,1629.2,1624.28,4751385,7717586946,85961
RELIANCE,EQ,3-Aug-17,1629.2,1626.85,1664.9,1617.05,1654,1650.1,1645.48,4504776,7412507561,100320
RELIANCE,EQ,4-Aug-17,1650.1,1663,1663,1615.1,1626.5,1622.15,1626,4247045,6905703756,105310
RELIANCE,EQ,7-Aug-17,1622.15,1631.6,1631.6,1612.55,1618,1616.35,1620.9,2180018,3533598682,73400
RELIANCE,EQ,8-Aug-17,1616.35,1618,1621.05,1586.8,1604.6,1602.55,1605.42,2505568,4022476841,54425
RELIANCE,EQ,9-Aug-17,1602.55,1601.5,1620,1585,1595,1598.8,1605.79,2385643,3830853343,73759
RELIANCE,EQ,10-Aug-17,1598.8,1593.05,1606.65,1577.95,1593.75,1584.35,1590.55,2328843,3704143392,82027
RELIANCE,EQ,11-Aug-17,1584.35,1550.95,1580,1533,1545.5,1546.25,1558.16,3885064,6053534862,106441
RELIANCE,EQ,14-Aug-17,1546.25,1561,1584.5,1561,1572.2,1573.05,1573.14,3072299,4833153047,92410
RELIANCE,EQ,16-Aug-17,1573.05,1572,1576,1550.2,1576,1566.1,1561.92,3103394,4847251821,96068
RELIANCE,EQ,17-Aug-17,1566.1,1569,1597.65,1561.15,1563,1567.1,1580.02,3618179,5716789490,89026
RELIANCE,EQ,18-Aug-17,1567.1,1564,1577.8,1553.15,1576.25,1575.4,1568.93,1814011,2846062732,50855
RELIANCE,EQ,21-Aug-17,1575.4,1577,1584.15,1560.25,1564.3,1564.4,1571.08,1731188,2719841501,50892
RELIANCE,EQ,22-Aug-17,1564.4,1572,1579.9,1556.05,1560.1,1560.05,1568.81,2179230,3418790348,57712
RELIANCE,EQ,23-Aug-17,1560.05,1564.85,1586.55,1553.15,1582.55,1582.05,1567.85,1901824,2981782351,57111
RELIANCE,EQ,24-Aug-17,1582.05,1590,1593.1,1564.5,1570,1568.05,1575.93,2892571,4558488606,92963
RELIANCE,EQ,28-Aug-17,1568.05,1579.05,1581.95,1561.2,1564.75,1566.55,1568.06,2815328,4414602361,113655
RELIANCE,EQ,29-Aug-17,1566.55,1561.85,1567.5,1530,1532.05,1532.15,1543.47,3466421,5350330120,109648
RELIANCE,EQ,30-Aug-17,1532.15,1547.55,1568.8,1541.25,1563.5,1564.1,1558.27,2362387,3681230671,70628
RELIANCE,EQ,31-Aug-17,1564.1,1575,1597.45,1574,1595.4,1594.5,1587.29,5738495,9108681150,153607
RELIANCE,EQ,1-Sep-17,1594.5,1599.85,1616.6,1599,1611.95,1610.1,1609.02,3527477,5675773297,67678
RELIANCE,EQ,4-Sep-17,1610.1,1615.5,1636.15,1595.85,1615,1613.35,1616.73,4928375,7967844929,78551
RELIANCE,EQ,5-Sep-17,1613.35,1630,1634.85,1621.05,1632.15,1632.6,1630.06,5764131,9395875386,103790
RELIANCE,EQ,6-Sep-17,1632.6,1626.4,1652.5,1622.8,1644,1645.4,1645.9,11142512,18339508180,107540
RELIANCE,EQ,7-Sep-17,1645.4,823,832.5,815,816.6,818.1,822.46,7408536,6093238362,125644
RELIANCE,EQ,8-Sep-17,818.1,820,823.25,812.1,816.95,816.9,817.3,6056729,4950161480,107693
RELIANCE,EQ,11-Sep-17,816.9,821.3,826.85,816.55,819.5,817.9,822.68,5801712,4772966391,65550
RELIANCE,EQ,12-Sep-17,817.9,822.75,825,817,824.5,823.75,821.76,2971669,2441997855,60052
RELIANCE,EQ,13-Sep-17,823.75,824,859.9,822,853.4,849,846.97,13430225,11375039392,169159
RELIANCE,EQ,14-Sep-17,849,855.8,861.5,842,844.2,843.85,850.31,5425486,4613369237,73159
RELIANCE,EQ,15-Sep-17,843.85,842,852.85,834.75,842,841.8,841.99,13072853,11007221826,97143
RELIANCE,EQ,18-Sep-17,841.8,850,851.05,843.1,845.2,845.55,847.17,2314174,1960493731,57137
RELIANCE,EQ,19-Sep-17,845.55,848.7,848.75,837,839,838.6,839.69,3528729,2963055860,56976
RELIANCE,EQ,20-Sep-17,838.6,856.1,872.5,845.1,848,847.15,855.91,11402965,9759876154,147419
RELIANCE,EQ,21-Sep-17,847.15,847,851.7,836.25,842.95,841.35,841.76,5920552,4983709462,81741
RELIANCE,EQ,22-Sep-17,841.35,839.9,839.9,813.2,816.95,817.4,824.67,5620443,4635015514,97574
RELIANCE,EQ,25-Sep-17,817.4,815,827.95,805.2,821,821.55,818.09,6505309,5321937993,116207
RELIANCE,EQ,26-Sep-17,821.55,821.7,827.05,812.2,819.2,820.1,819.18,4829571,3956299338,71436
RELIANCE,EQ,27-Sep-17,820.1,825.6,825.7,795.5,798.4,799.15,805.86,8434196,6796763903,130217
RELIANCE,EQ,28-Sep-17,799.15,799.65,802.9,780.2,786.25,786.45,789.61,13508179,10666240867,197436
RELIANCE,EQ,29-Sep-17,786.45,791.75,793.4,779.1,781.2,780.9,785.51,7619230,5984977307,139675
RELIANCE,EQ,3-Oct-17,780.9,795,803.85,785.35,799,798.35,797.81,8387059,6691289331,147117
RELIANCE,EQ,4-Oct-17,798.35,799.2,824.95,795.6,824,818.85,811.68,8643924,7016116516,131730
RELIANCE,EQ,5-Oct-17,818.85,825,828.45,818.65,824,824.15,823.34,4860479,4001818827,64016
RELIANCE,EQ,6-Oct-17,824.15,824,839.35,822.6,838.2,837.05,832.42,5942106,4946321213,57349
RELIANCE,EQ,9-Oct-17,837.05,839,839.8,828,829.25,830.65,832.26,4046109,3367411681,55669
RELIANCE,EQ,10-Oct-17,830.65,831,847.3,831,842.25,843.2,842.23,6734986,5672427724,129431
RELIANCE,EQ,11-Oct-17,843.2,845.3,858.4,836,839,840.15,848.94,7049800,5984845576,107153
RELIANCE,EQ,12-Oct-17,840.15,842.1,876.8,842.1,875.6,872.75,859.93,8522926,7329142509,133483
RELIANCE,EQ,13-Oct-17,872.75,879.3,890.7,873.35,877.35,876.45,880.42,9833512,8657585192,159717
RELIANCE,EQ,16-Oct-17,876.45,879,892,861.3,877.5,876.8,877.1,14633539,12835077762,199908
RELIANCE,EQ,17-Oct-17,876.8,878,884,867.2,874.8,874.35,874.82,6354084,5558696928,82934
RELIANCE,EQ,18-Oct-17,874.35,877.4,917.9,875,916.4,914.5,902.06,16765178,15123276190,236743
RELIANCE,EQ,19-Oct-17,914.5,915.8,921.9,903,904,909.9,914.94,3664082,3352403287,57147
RELIANCE,EQ,23-Oct-17,909.9,912.9,944.7,909.1,940.1,939.75,930.39,12551649,11677979383,181861
RELIANCE,EQ,24-Oct-17,939.75,947.7,947.7,928.2,936.2,934.25,936.76,6335308,5934642216,114331
RELIANCE,EQ,25-Oct-17,934.25,940.1,945.9,929.5,939.3,939.9,937.6,4577050,4291419530,84923
RELIANCE,EQ,26-Oct-17,939.9,940,957.8,931,945.3,947.4,943.54,7698704,7264042925,135945
RELIANCE,EQ,27-Oct-17,947.4,950,956.7,925.7,930.95,929.85,936.16,5256749,4921139448,100759
RELIANCE,EQ,30-Oct-17,929.85,934,945.55,930.6,945.35,942.5,939.44,3576533,3359929915,59624
RELIANCE,EQ,31-Oct-17,942.5,944.95,945.75,932.2,944.05,940.85,938.33,4345360,4077373480,113055
RELIANCE,EQ,1-Nov-17,940.85,947.75,957.8,945.75,952.35,952.55,952.36,8033040,7650355597,120104
RELIANCE,EQ,2-Nov-17,952.55,952.8,956.5,944.25,946.8,946.6,950.6,4698609,4466520209,57550
RELIANCE,EQ,3-Nov-17,946.6,955.95,955.95,940.15,945.95,945.3,945.4,2193730,2073948027,41298
RELIANCE,EQ,6-Nov-17,945.3,942.5,942.5,929,931.35,932.5,935.46,4460799,4172898902,120041
RELIANCE,EQ,7-Nov-17,932.5,933.35,935,903.05,906.5,906.7,910.53,9347943,8511592121,150615
RELIANCE,EQ,8-Nov-17,906.7,902.5,906,884.1,889.5,887.8,891.91,8115980,7238759485,175122
RELIANCE,EQ,9-Nov-17,887.8,894.75,909.9,892.05,902.9,900.5,901.96,6860798,6188162918,100868
RELIANCE,EQ,10-Nov-17,900.5,900.95,900.95,879.2,884.9,883.85,886.8,6365174,5644664493,117869
RELIANCE,EQ,13-Nov-17,883.85,885,891.9,873.5,874.9,875.25,879.06,4155011,3652510603,155793
RELIANCE,EQ,14-Nov-17,875.25,875,895,873,887.5,886.7,885.91,5706105,5055092471,123594
RELIANCE,EQ,15-Nov-17,886.7,884.5,890.6,877.95,883.25,883.7,884.44,6981872,6175039788,113126
RELIANCE,EQ,16-Nov-17,883.7,885.5,906,885.5,905.25,903.85,900.06,6931038,6238352388,124353
RELIANCE,EQ,17-Nov-17,903.85,918.95,924.9,908.5,913,911.9,916.3,5586242,5118671948,114604
RELIANCE,EQ,20-Nov-17,911.9,906.2,924.35,905,919,920.85,916.6,4220192,3868228235,73297
RELIANCE,EQ,21-Nov-17,920.85,926.8,939.65,925.5,932.05,932.55,934.2,5980763,5587246391,139701
RELIANCE,EQ,22-Nov-17,932.55,937.45,938.65,923.45,934.1,930.75,930.23,5055490,4702768893,80499
RELIANCE,EQ,23-Nov-17,930.75,931,949.9,926.65,949.7,947,940.34,7329126,6891873715,86733
RELIANCE,EQ,24-Nov-17,947,950,959.5,947.4,951.25,951.1,952.55,6394443,6091020187,104436
RELIANCE,EQ,27-Nov-17,951.1,947.25,957.5,944,952.5,951.35,949.61,4680074,4444266974,97924
RELIANCE,EQ,28-Nov-17,951.35,949.85,951.35,938.1,942.4,943.35,944.15,4641893,4382634300,109264
RELIANCE,EQ,29-Nov-17,943.35,941.85,950,941,943.45,946,946.8,3674864,3479372053,86735
RELIANCE,EQ,30-Nov-17,946,941.45,941.45,919.5,922.5,921.55,925.7,9434893,8733894422,144271
RELIANCE,EQ,1-Dec-17,921.55,924.45,931.25,907.7,909.5,910.1,918.22,5081389,4665846806,101581
RELIANCE,EQ,4-Dec-17,910.1,913.5,913.8,897.35,902.6,901.6,902.87,4618847,4170229646,98705
RELIANCE,EQ,5-Dec-17,901.6,901.05,920.75,895.45,914.3,913.7,911.85,8369174,7631456011,130046
RELIANCE,EQ,6-Dec-17,913.7,910,930.3,908.8,929,926.65,923.12,11007689,10161404380,116174
RELIANCE,EQ,7-Dec-17,926.65,930.05,936,923,932.45,931.55,928.69,5529565,5135253669,108371
RELIANCE,EQ,8-Dec-17,931.55,933.85,936.95,919.05,921.3,921,925.59,5588486,5172651632,118138
RELIANCE,EQ,11-Dec-17,921,922.45,926,913.55,916.5,916.15,917.67,4933853,4527638393,91965
RELIANCE,EQ,12-Dec-17,916.15,915.95,929,908,917.75,915.6,920.76,7215014,6643269136,107416
RELIANCE,EQ,13-Dec-17,915.6,916.9,924.95,910.7,914.75,914.65,919.03,4182097,3843490644,66952
RELIANCE,EQ,14-Dec-17,914.65,919,924.9,908.75,924,921.5,915.89,5021130,4598789868,97478
RELIANCE,EQ,15-Dec-17,921.5,931,932.95,917.7,921,919.75,922.67,11158706,10295851305,178864
RELIANCE,EQ,18-Dec-17,919.75,911.95,932.65,862.65,922.45,921,916.28,8494801,7783599546,131395
RELIANCE,EQ,19-Dec-17,921,923.6,927,920,926.85,925.95,924.26,4064982,3757097202,78194
RELIANCE,EQ,20-Dec-17,925.95,925.9,927.4,917,918.75,918.15,920.58,4774414,4395253600,122373
RELIANCE,EQ,21-Dec-17,918.15,918.45,923.95,910,913,912.95,917.28,4147162,3804108015,91666
RELIANCE,EQ,22-Dec-17,912.95,914.65,922.4,909.3,919.8,920.4,917.93,4872675,4472795835,107550
RELIANCE,EQ,26-Dec-17,920.4,924.85,938.9,918.15,936,929.8,925.15,5301456,4904644711,88411
RELIANCE,EQ,27-Dec-17,929.8,933,937.5,919,923.25,923.75,930.28,4352384,4048927002,107845
RELIANCE,EQ,28-Dec-17,923.75,925.25,934.4,919.1,922.6,924.2,924.83,7091515,6558467599,92078
RELIANCE,EQ,29-Dec-17,924.2,926.5,932.3,918.5,920.1,921.05,924.13,5069838,4685185007,102691
RELIANCE,EQ,1-Jan-18,921.05,922.7,922.7,907.5,909.5,909.75,913.43,4321686,3947568944,61538
RELIANCE,EQ,2-Jan-18,909.75,913,919.55,906.4,911.5,911.15,912.92,4342815,3964649170,63346
RELIANCE,EQ,3-Jan-18,911.15,925,926,913.05,915.5,914.8,920.1,6175312,5681898483,101162
RELIANCE,EQ,4-Jan-18,914.8,918.15,921.8,915.7,920.5,920.3,919.08,4118581,3785310187,92195
RELIANCE,EQ,5-Jan-18,920.3,921.8,926.9,920.25,923,923.25,923.12,3401905,3140379429,59095
RELIANCE,EQ,8-Jan-18,923.25,926.1,931,923.5,926.6,928.55,927.42,4035417,3742538282,71254
RELIANCE,EQ,9-Jan-18,928.55,928.15,943.9,924,940,940.95,938.57,6534997,6133531768,130260
RELIANCE,EQ,10-Jan-18,940.95,943,947.4,935.5,941.5,942.35,942.13,5361502,5051241312,88179
RELIANCE,EQ,11-Jan-18,942.35,941.8,942.65,935,936.9,937.75,939.68,3588727,3372263779,61745
RELIANCE,EQ,12-Jan-18,937.75,943,952.8,938.25,946.6,949,946.82,6890028,6523589663,120871
RELIANCE,EQ,15-Jan-18,949,950,958.5,945.2,947.6,949.15,952.57,5084113,4842989337,67051
RELIANCE,EQ,16-Jan-18,949.15,947.7,947.7,920,923.8,922.95,930.84,4948895,4606622461,112950
RELIANCE,EQ,17-Jan-18,922.95,926,929,907,924.1,924.5,921.46,6036432,5562354162,113531
RELIANCE,EQ,18-Jan-18,924.5,929,929.6,915.1,922,919.7,922.33,4289053,3955927032,96415
RELIANCE,EQ,19-Jan-18,919.7,923,934.4,922.1,934.2,931.3,928.48,4559564,4233444944,104474
RELIANCE,EQ,22-Jan-18,931.3,948,974.3,940,970.2,971.5,959.81,20892838,20053133154,324891
RELIANCE,EQ,23-Jan-18,971.5,975,990.95,975,982.05,983.25,984.66,10298500,10140509292,189970
RELIANCE,EQ,24-Jan-18,983.25,981.75,981.75,962.65,967.95,966.35,968.16,6532672,6324642038,112501
RELIANCE,EQ,25-Jan-18,966.35,967.9,972,956.15,963.95,965.9,963.99,6249419,6024404785,124818
RELIANCE,EQ,29-Jan-18,965.9,966.2,977.3,959.3,963.7,964.5,968.68,4524605,4382895108,98469
RELIANCE,EQ,30-Jan-18,964.5,965.8,965.8,949,950,950.4,956.43,4198139,4015232068,67935
RELIANCE,EQ,31-Jan-18,950.4,950,964.5,941.55,962,961.3,958.82,5738209,5501909579,118233
RELIANCE,EQ,1-Feb-18,961.3,963.25,972.6,936.6,945,943.85,955.08,7554587,7215260532,126370
RELIANCE,EQ,2-Feb-18,943.85,935,943.95,901,901.9,904.35,917.5,13242095,12149575193,233056
RELIANCE,EQ,5-Feb-18,904.35,894,912.5,881.8,907,902.15,902.03,8773525,7913964633,208567
RELIANCE,EQ,6-Feb-18,902.15,877,898,871,893.4,892.1,884.19,11000567,9726627414,223859
RELIANCE,EQ,7-Feb-18,892.1,902.55,905.4,890,892.45,894.4,897.52,7100838,6373167727,167780
RELIANCE,EQ,8-Feb-18,894.4,897.9,910.65,892.35,906.2,904.55,903.17,6320734,5708726206,184671
RELIANCE,EQ,9-Feb-18,904.55,889,902,886,899.95,897.85,895.97,5294279,4743532840,134990
RELIANCE,EQ,12-Feb-18,897.85,903,918.2,902.05,914,915.5,910.17,5429792,4942032259,117785
RELIANCE,EQ,14-Feb-18,915.5,923,942.5,921,929,933.65,930.9,10170959,9468181695,207422
RELIANCE,EQ,15-Feb-18,933.65,937.65,945.75,928.15,936.1,935.65,938.06,6109454,5731058556,110875
RELIANCE,EQ,16-Feb-18,935.65,939.6,942.6,918.1,920.45,921.3,930.32,4401672,4094973055,89938
RELIANCE,EQ,19-Feb-18,921.3,921,932,913.55,928.3,927,922.39,4087936,3770665441,76979
RELIANCE,EQ,20-Feb-18,927,929,929.55,918.8,919.9,921.1,923.11,3866919,3569595828,73125
RELIANCE,EQ,21-Feb-18,921.1,930,932.5,922.15,929,929.35,927.21,5448230,5051677024,115472
RELIANCE,EQ,22-Feb-18,929.35,922,931,920,921,924.35,924.97,5118850,4734779151,95362
RELIANCE,EQ,23-Feb-18,924.35,925.4,938,922.75,934,934.25,931.77,4850839,4519877657,107785
RELIANCE,EQ,26-Feb-18,934.25,939,944.9,936.6,938.75,938.7,941.3,3856478,3630113759,76681
RELIANCE,EQ,27-Feb-18,938.7,939,955.8,938.35,951.5,950.5,949.05,6410097,6083477042,97701
RELIANCE,EQ,28-Feb-18,950.5,945.95,957.1,943.2,951,954.55,953.33,25898694,24689973325,245932
RELIANCE,EQ,1-Mar-18,954.55,949.75,959.9,945.95,948.05,948.4,951.47,4094652,3895948304,82999
RELIANCE,EQ,5-Mar-18,948.4,943,950.15,921.6,922.65,924.1,932.35,5634893,5253681530,105746
RELIANCE,EQ,6-Mar-18,924.1,929,936.2,905.1,908.65,910.85,926.46,7323680,6785121099,119522
RELIANCE,EQ,7-Mar-18,910.85,909.25,909.25,888.05,892.4,889.75,898.07,7247708,6508943483,162870
RELIANCE,EQ,8-Mar-18,889.75,897.65,914.5,893.3,911,911.45,903.98,6072983,5489882190,110989
RELIANCE,EQ,9-Mar-18,911.45,914.9,919.35,911.05,915,913.1,914.72,4863577,4448821265,110348
RELIANCE,EQ,12-Mar-18,913.1,920,933.1,917.55,931.95,930.3,924.01,3801407,3512520944,70971
RELIANCE,EQ,13-Mar-18,930.3,931.9,936,921.35,934,931.85,929.52,5096825,4737580484,72560
RELIANCE,EQ,14-Mar-18,931.85,928.8,932.05,919.2,931.55,929.05,923.15,6731530,6214195309,79487
RELIANCE,EQ,15-Mar-18,929.05,925,929.45,910,911,911.8,918.37,5811424,5337047119,70975
RELIANCE,EQ,16-Mar-18,911.8,909,909.7,886.05,904,900.05,898.82,14087564,12662129928,221824
RELIANCE,EQ,19-Mar-18,900.05,901,906.9,892,895,895.5,898.02,5774392,5185519992,111279
RELIANCE,EQ,20-Mar-18,895.5,893.3,904,887.05,892,889.8,894.96,6945721,6216141684,111138
RELIANCE,EQ,21-Mar-18,889.8,894.85,902.35,893.3,896,896.9,897.27,6727261,6036186652,126549
RELIANCE,EQ,22-Mar-18,896.9,896,911.95,895.75,908.9,908.15,907.73,10116965,9183446074,135445
RELIANCE,EQ,23-Mar-18,908.15,890.6,900,889.1,892.5,893.9,894.9,10729694,9601998761,115124
RELIANCE,EQ,26-Mar-18,893.9,893.95,904.3,892.5,901.5,901.1,898.73,6047262,5434879313,121961
RELIANCE,EQ,27-Mar-18,901.1,907.2,910.75,897,898.3,899.8,903.51,6939577,6269986775,107921
RELIANCE,EQ,28-Mar-18,899.8,895.8,895.85,880,881.6,882.7,886.65,8759586,7766716375,164624
RELIANCE,EQ,2-Apr-18,882.7,893,900.95,886.5,892.95,892.95,894.38,5712065,5108762641,138967
RELIANCE,EQ,3-Apr-18,892.95,891,901.7,885.25,901,899.55,891.67,6364728,5675268232,106660
RELIANCE,EQ,4-Apr-18,899.55,904.7,911.8,892.05,893.25,894.9,901.57,6498407,5858765070,90218
RELIANCE,EQ,5-Apr-18,894.9,905.1,910,903.5,908,908.2,907.4,3898676,3537659970,76386
RELIANCE,EQ,6-Apr-18,908.2,908,918.5,905,911.95,911,912.81,4418462,4033221156,76788
RELIANCE,EQ,9-Apr-18,911,912.55,919,912.55,915,916,916.01,3572251,3272222860,73839
RELIANCE,EQ,10-Apr-18,916,918.4,923.9,914.15,915.5,917.05,919.12,3865402,3552772955,80941
RELIANCE,EQ,11-Apr-18,917.05,921.8,932.75,916.05,931.75,930.85,927.88,6007539,5574246154,109450
RELIANCE,EQ,12-Apr-18,930.85,929.85,936.65,924.2,927.1,928.7,929.39,4947725,4598362820,81750
RELIANCE,EQ,13-Apr-18,928.7,932.7,941.7,928.7,939.85,938.85,937.05,5767984,5404908210,102901
RELIANCE,EQ,16-Apr-18,938.85,934.45,940,928.5,938.1,937.05,932.57,4084450,3809041574,104874
RELIANCE,EQ,17-Apr-18,937.05,940,947.2,936,945,944.25,942.33,4388713,4135607266,107244
RELIANCE,EQ,18-Apr-18,944.25,945.25,948.2,935.05,937.7,938,941.25,3365196,3167484001,90717
RELIANCE,EQ,19-Apr-18,938,939.1,945,935,942,942.3,941.25,4481413,4218134286,49239
RELIANCE,EQ,20-Apr-18,942.3,938,941.85,921.2,930,927.9,928.21,3349519,3109071704,72993
RELIANCE,EQ,23-Apr-18,927.9,930,944.35,928.5,935,936,936.28,3508515,3284954149,74884
RELIANCE,EQ,24-Apr-18,936,935.8,975.7,935,971.6,970.05,959.86,9107264,8741718169,161209
RELIANCE,EQ,25-Apr-18,970.05,973.65,981.8,963.55,972,970.5,971,6436620,6249960891,125144
RELIANCE,EQ,26-Apr-18,970.5,973,988,962.25,973.15,975.35,977.14,15588001,15231697346,191487
RELIANCE,EQ,27-Apr-18,975.35,989.8,1011,985.5,996.5,996.3,999.97,11666267,11665872661,173541
RELIANCE,EQ,30-Apr-18,996.3,982,992.6,960,963.5,963.3,969.39,8871802,8600270171,170165
RELIANCE,EQ,2-May-18,963.3,967,979.2,965.05,974.8,972.7,973.34,6117761,5954655105,148402
RELIANCE,EQ,3-May-18,972.7,977.9,977.9,959.25,962,961.6,964.27,3947546,3806512719,84753
RELIANCE,EQ,4-May-18,961.6,962.85,964.7,950,953.6,953.95,954.68,3795692,3623686170,119312
RELIANCE,EQ,7-May-18,953.95,958.85,973.25,956.35,971.9,971,963.82,3512532,3385450726,87310
RELIANCE,EQ,8-May-18,971,977.5,982,965.2,966,967.1,972.41,4934036,4797914834,104703
RELIANCE,EQ,9-May-18,967.1,965.9,984.3,962.25,976.2,976.7,973.59,4494423,4375739607,96826
RELIANCE,EQ,10-May-18,976.7,980,984.6,974.25,979.15,981.15,980.67,4014645,3937024260,74806
RELIANCE,EQ,11-May-18,981.15,981.25,991.3,977.75,986,989.25,986.84,4011516,3958724055,76911
RELIANCE,EQ,14-May-18,989.25,991.95,991.95,976.7,984.95,986.6,984.23,2579561,2538890944,56447
RELIANCE,EQ,15-May-18,986.6,983.05,1000,976.65,978.55,978.95,988.75,4800923,4746908410,100265
RELIANCE,EQ,16-May-18,978.95,974,974,952.45,954.4,956.15,962.49,8613363,8290313023,116722
RELIANCE,EQ,17-May-18,956.15,959.35,960,941.5,944,945.35,949.68,4733477,4495273470,119057
RELIANCE,EQ,18-May-18,945.35,945.6,953.5,932,934.5,933.85,941.11,5230037,4922041685,117002
RELIANCE,EQ,21-May-18,933.85,930.75,935.7,922.1,934.8,931.35,927.05,6624893,6141603388,83977
RELIANCE,EQ,22-May-18,931.35,933.15,934,925,927.1,926.75,930.25,5170585,4809925289,78323
RELIANCE,EQ,23-May-18,926.75,926,926,909.15,913.8,912.25,917.49,4567562,4190710347,111713
RELIANCE,EQ,24-May-18,912.25,914,921,910.15,917.95,915.85,916.46,5317983,4873723841,96010
RELIANCE,EQ,25-May-18,915.85,916,923.4,914.45,922,920.8,920.3,8129520,7481573041,94418
RELIANCE,EQ,28-May-18,920.8,924.9,927,918.1,919.95,920.4,922.21,5197835,4793495121,98317
RELIANCE,EQ,29-May-18,920.4,921.5,928,914.4,916.9,917.45,920.32,8173396,7522151497,113106
RELIANCE,EQ,30-May-18,917.45,914.85,923.2,906.6,915.8,916.1,915.8,5991222,5486773045,135401
RELIANCE,EQ,31-May-18,916.1,921,922.3,914.55,920.3,921.35,921.07,16951801,15613865590,166442
RELIANCE,EQ,1-Jun-18,921.35,920,935.75,918.45,928.6,930.55,926.94,8765835,8125389216,136941
RELIANCE,EQ,4-Jun-18,930.55,933.4,944,930.55,941.5,940.85,939.73,5600357,5262829395,237083
RELIANCE,EQ,5-Jun-18,940.85,942.8,955,941,948.9,947.65,949.46,7971524,7568655588,169905
RELIANCE,EQ,6-Jun-18,947.65,947,956,942.65,954,954.4,952.01,4189483,3988423353,108083
RELIANCE,EQ,7-Jun-18,954.4,954.9,976,954.45,970.85,971.35,969.3,6857300,6646752363,202014
RELIANCE,EQ,8-Jun-18,971.35,966.35,986.55,960.6,983.1,984.35,974.6,6532599,6366671932,143699
RELIANCE,EQ,11-Jun-18,984.35,987.1,999.95,979.05,980.05,982.65,991.25,6866053,6806007440,169285
RELIANCE,EQ,12-Jun-18,982.65,983.4,1000,980.3,999.4,997.15,991.14,7445221,7379266303,150601
RELIANCE,EQ,13-Jun-18,997.15,1000,1005.9,989.5,1002.5,1002.5,999.25,5926020,5921557586,143644
RELIANCE,EQ,14-Jun-18,1002.5,997.45,1011.8,987.4,1007,1007.95,1001.22,5484867,5491573757,130819
RELIANCE,EQ,15-Jun-18,1007.95,1006,1023.5,999.25,1012.45,1014.2,1015.48,11294702,11469522694,227359
RELIANCE,EQ,18-Jun-18,1014.2,1008.8,1020.45,1007,1014.1,1015.55,1014.97,5652374,5737016772,114998
RELIANCE,EQ,19-Jun-18,1015.55,1013.9,1014.8,993.65,995.6,996.05,1002.7,6346101,6363262362,169205
RELIANCE,EQ,20-Jun-18,996.05,996,1022.9,994.85,1019.2,1019.25,1015.65,7193824,7306438843,176300
RELIANCE,EQ,21-Jun-18,1019.25,1023.45,1036,1021.3,1031.6,1031.95,1030.56,10509756,10830925855,218105
RELIANCE,EQ,22-Jun-18,1031.95,1028.4,1029.2,1008.45,1011.65,1012.5,1014.6,16169978,16406133080,159059
RELIANCE,EQ,25-Jun-18,1012.5,1011.4,1016.5,1002.3,1005,1004.45,1010.49,5197694,5252204246,93795
RELIANCE,EQ,26-Jun-18,1004.45,1006,1006,975.25,978.3,978.95,986.72,8068585,7961465287,176505
RELIANCE,EQ,27-Jun-18,978.95,978.5,985.4,962.7,963.7,965.85,973.82,8958555,8724005246,179753
RELIANCE,EQ,28-Jun-18,965.85,962,968.5,940.3,948,944.95,952.67,8581234,8175043919,156175
RELIANCE,EQ,29-Jun-18,944.95,949.1,975.5,949,973.2,972.45,967.48,7966401,7707335240,152587
RELIANCE,EQ,2-Jul-18,972.45,972.35,972.35,957,960.05,960.6,962.14,6660916,6408701995,83823
RELIANCE,EQ,3-Jul-18,960.6,965,978.45,960.35,972.2,971.3,972.1,5067261,4925883688,117456
RELIANCE,EQ,4-Jul-18,971.3,971.8,992,971,991,990.1,982.92,5000724,4915326240,114594
RELIANCE,EQ,5-Jul-18,990.1,997,1008.4,958.6,964.65,964.5,988.25,18719353,18499398246,309468
RELIANCE,EQ,6-Jul-18,964.5,964.75,983,964.5,977.5,977.55,977.82,9161266,8958074813,164393
RELIANCE,EQ,9-Jul-18,977.55,987.1,1000,983.5,996,997.1,991.93,5170189,5128442011,126126
RELIANCE,EQ,10-Jul-18,997.1,1002.75,1028.5,1000,1027.5,1025.7,1018.86,10444513,10641500107,204258
RELIANCE,EQ,11-Jul-18,1025.7,1025,1040.9,1017.85,1040,1038.8,1030.85,8665072,8932367750,196687
RELIANCE,EQ,12-Jul-18,1038.8,1044.35,1099,1042.6,1080.9,1082.35,1080.29,24109297,26045070533,383215
RELIANCE,EQ,13-Jul-18,1082.35,1080.5,1109,1080,1101,1099.8,1098.67,17967282,19740145320,288822
RELIANCE,EQ,16-Jul-18,1099.8,1099.8,1108.9,1073.05,1078.65,1076.2,1082.43,6595781,7139494129,140095
RELIANCE,EQ,17-Jul-18,1076.2,1078.3,1095.95,1069.6,1094,1092.35,1085.22,6469256,7020568951,145535
RELIANCE,EQ,18-Jul-18,1092.35,1098.4,1104.6,1077.3,1093.3,1092.55,1091.64,4682099,5111167211,110961
RELIANCE,EQ,19-Jul-18,1092.55,1093.3,1115,1086.35,1114.35,1104.85,1098.53,5433617,5968998931,193943
RELIANCE,EQ,20-Jul-18,1104.85,1113.4,1138.5,1111.9,1127.65,1128.65,1125.34,8018150,9023164649,203126
RELIANCE,EQ,23-Jul-18,1128.65,1129.8,1129.8,1113.1,1120.5,1120.3,1119.33,5842496,6539660893,100779
RELIANCE,EQ,24-Jul-18,1120.3,1122,1126.75,1107.4,1111,1110.95,1115.46,4469144,4985132840,150186
RELIANCE,EQ,25-Jul-18,1110.95,1110,1123,1104.2,1112.65,1115.15,1116.21,5949680,6641092565,121293
RELIANCE,EQ,26-Jul-18,1115.15,1110.1,1121.5,1107.8,1112.1,1110.65,1113.9,6424867,7156685848,131788
RELIANCE,EQ,27-Jul-18,1110.65,1119.5,1137.4,1112.15,1128,1129.85,1127.43,6679468,7530602219,140124
RELIANCE,EQ,30-Jul-18,1129.85,1130,1157.3,1128,1152,1151.4,1143.36,13872467,15861210912,221335
RELIANCE,EQ,31-Jul-18,1151.4,1151,1190.4,1147.15,1184.15,1186,1171.82,13875377,16259510329,207197
RELIANCE,EQ,1-Aug-18,1186,1190.4,1202.9,1185.4,1188.7,1192.35,1193.58,9704295,11582816350,174970
RELIANCE,EQ,2-Aug-18,1192.35,1191.5,1191.5,1165.95,1169.1,1168.35,1174.13,6248975,7337117555,147732
RELIANCE,EQ,3-Aug-18,1168.35,1175,1183.5,1169.55,1175.4,1176.95,1175.98,6645397,7814873536,155679
RELIANCE,EQ,6-Aug-18,1176.95,1176.7,1196,1175.35,1194.45,1192.6,1188.86,4016418,4774942205,96976
RELIANCE,EQ,7-Aug-18,1192.6,1194.9,1201.4,1177,1184.7,1184.2,1186.35,4059460,4815955315,104725
RELIANCE,EQ,8-Aug-18,1184.2,1185,1222.5,1185,1220.8,1217.7,1204.7,7912437,9532113812,166500
RELIANCE,EQ,9-Aug-18,1217.7,1221.5,1231.7,1212,1218.5,1217.95,1221.41,6846928,8362923499,135398
RELIANCE,EQ,10-Aug-18,1217.95,1211,1215,1202.3,1204,1204.2,1207.99,3581210,4326050846,97265
RELIANCE,EQ,13-Aug-18,1204.2,1197.55,1199.95,1182.7,1189.5,1187.7,1191.83,4668159,5563673323,134889
RELIANCE,EQ,14-Aug-18,1187.7,1190,1217.2,1184.3,1211.9,1210.6,1203.27,5299536,6376786745,107665
RELIANCE,EQ,16-Aug-18,1210.6,1203.25,1216,1195.5,1200,1200.8,1204.69,5982490,7207048818,134533
RELIANCE,EQ,17-Aug-18,1200.8,1209,1215.4,1200.05,1202.65,1203.75,1208.89,3830992,4631245214,82052
RELIANCE,EQ,20-Aug-18,1203.75,1207.9,1236.8,1207.65,1235.15,1234.9,1227.54,7607036,9337924806,187210
RELIANCE,EQ,21-Aug-18,1234.9,1237.25,1251.5,1227,1246.7,1247.2,1244.28,7279641,9057941732,145104
RELIANCE,EQ,23-Aug-18,1247.2,1246.3,1274,1238.4,1266.9,1269.45,1259.12,7968123,10032803693,170316
RELIANCE,EQ,24-Aug-18,1269.45,1265.25,1279.95,1260.05,1277,1277.5,1271.78,6652005,8459873415,127779
RELIANCE,EQ,27-Aug-18,1277.5,1279.4,1295.85,1278.75,1292,1291.5,1290.31,5572177,7189818654,122788
RELIANCE,EQ,28-Aug-18,1291.5,1296,1323,1295,1322.5,1319,1311.31,8694751,11401552158,179953
RELIANCE,EQ,29-Aug-18,1319,1316.3,1329,1290.2,1293.9,1294.2,1309.99,11077203,14511006064,188973
RELIANCE,EQ,30-Aug-18,1294.2,1293.6,1297.15,1270.45,1277,1274.45,1278.51,9850042,12593407357,178483
RELIANCE,EQ,31-Aug-18,1274.45,1270,1270,1236.6,1238.95,1241.65,1247.15,15305857,19088657884,283195
RELIANCE,EQ,3-Sep-18,1241.65,1245,1257.9,1226.05,1228.1,1229.15,1241.4,12200022,15145106276,210884
RELIANCE,EQ,4-Sep-18,1229.15,1235.15,1254.8,1229,1245.3,1241.95,1241.44,8838770,10972780661,201777
RELIANCE,EQ,5-Sep-18,1241.95,1242.5,1252.65,1208.5,1226,1227,1230.06,10324923,12700281573,197839
RELIANCE,EQ,6-Sep-18,1227,1230.15,1265.7,1225.35,1261,1261.4,1245.01,11195043,13937952450,212381
RELIANCE,EQ,7-Sep-18,1261.4,1264.9,1281.35,1254.5,1277.05,1278.6,1272.05,10692787,13601744826,195122
RELIANCE,EQ,10-Sep-18,1278.6,1275,1277,1250.1,1254.4,1255.85,1263.51,7059008,8919156488,158438
RELIANCE,EQ,11-Sep-18,1255.85,1259,1268.4,1234.25,1236.5,1237.7,1248.31,10874768,13575108097,158160
RELIANCE,EQ,12-Sep-18,1237.7,1251.8,1258.7,1228.85,1251.1,1252.5,1243.62,8065553,10030498343,173096
RELIANCE,EQ,14-Sep-18,1252.5,1259.4,1275.6,1247.65,1252.55,1253.15,1258.4,7878583,9914404021,171172
RELIANCE,EQ,17-Sep-18,1253.15,1250.75,1250.75,1221.6,1224,1225.9,1232.59,6754086,8325041898,160893
RELIANCE,EQ,18-Sep-18,1225.9,1226,1239.4,1214.35,1215.4,1217.15,1228.49,7616412,9356664028,157438
RELIANCE,EQ,19-Sep-18,1217.15,1224,1224,1201,1212.95,1210.75,1214.62,11265786,13683609850,184306
RELIANCE,EQ,21-Sep-18,1210.75,1219,1237.4,1183.5,1216.2,1217.5,1223.31,19070172,23328775723,269984
RELIANCE,EQ,24-Sep-18,1217.5,1214.45,1239.9,1204.5,1234.55,1232.05,1225.23,10102589,12378019783,165515
RELIANCE,EQ,25-Sep-18,1232.05,1235.5,1245,1195,1229.75,1230.6,1226.67,9715020,11917120826,243108
RELIANCE,EQ,26-Sep-18,1230.6,1239,1253.95,1227.15,1253.5,1251.4,1239.18,6396828,7926846393,136937
RELIANCE,EQ,27-Sep-18,1251.4,1255,1263,1237.5,1252.05,1253.75,1252.61,10808749,13539185467,203082
RELIANCE,EQ,28-Sep-18,1253.75,1259.9,1271.7,1247.3,1254.35,1257.95,1259.94,11073023,13951369741,193793
RELIANCE,EQ,1-Oct-18,1257.95,1257.7,1257.7,1204,1235.6,1231.7,1231.68,7332693,9031562081,186000
RELIANCE,EQ,3-Oct-18,1231.7,1229.5,1239.6,1200.05,1201.2,1205.1,1218.04,7376575,8984957811,200180
RELIANCE,EQ,4-Oct-18,1205.1,1189.5,1190.4,1106,1108.5,1122.25,1140.4,23212443,26471556957,456572
RELIANCE,EQ,5-Oct-18,1122.25,1099.5,1115.3,1038.15,1049,1048.85,1079.24,21943190,23681863862,439992
RELIANCE,EQ,8-Oct-18,1048.85,1050,1117,1025.55,1110,1109.4,1082.04,24679428,26704181032,480539
RELIANCE,EQ,9-Oct-18,1109.4,1121.65,1123.3,1081.2,1083,1090.05,1105.24,10991196,12147885882,247463
RELIANCE,EQ,10-Oct-18,1090.05,1093.9,1115.85,1084.3,1103,1102.1,1101.57,9502176,10467314926,215681
RELIANCE,EQ,11-Oct-18,1102.1,1064,1114.75,1043,1090,1087.8,1086.1,13224172,14362719399,278072
RELIANCE,EQ,12-Oct-18,1087.8,1104.95,1129,1101.9,1125.5,1126.55,1121.38,9058536,10158064313,192795
RELIANCE,EQ,15-Oct-18,1126.55,1129.9,1146.9,1118.15,1137.75,1139.75,1136.88,8871776,10086128972,200369
RELIANCE,EQ,16-Oct-18,1139.75,1146,1167.4,1140,1166,1163.8,1154.23,7478601,8632001461,153398
RELIANCE,EQ,17-Oct-18,1163.8,1179,1179.35,1140,1151,1151.3,1166.52,12785646,14914670103,203752
RELIANCE,EQ,19-Oct-18,1151.3,1100,1111,1070.25,1100.3,1101.3,1092.05,25421229,27761323831,526528
RELIANCE,EQ,22-Oct-18,1101.3,1110,1114.8,1057.35,1063.2,1062.65,1084.3,13165542,14275380337,324137
RELIANCE,EQ,23-Oct-18,1062.65,1052.75,1064.7,1043.65,1061.7,1054.7,1053.27,10573730,11137009298,232603
RELIANCE,EQ,24-Oct-18,1054.7,1074.9,1075.95,1031.4,1049,1045.75,1050.33,13655337,14342542137,218013
RELIANCE,EQ,25-Oct-18,1045.75,1036,1040.65,1016.4,1037.8,1030.8,1029.24,14096237,14508429668,233601
RELIANCE,EQ,26-Oct-18,1030.8,1032.9,1057,1022,1042.45,1044.9,1043.01,9182613,9577513897,214886
RELIANCE,EQ,29-Oct-18,1044.9,1046,1093.85,1046,1089,1087.8,1069.59,7671807,8205700905,169046
RELIANCE,EQ,30-Oct-18,1087.8,1085.5,1085.5,1052.1,1056.9,1057,1065.23,8806701,9381128112,187775
RELIANCE,EQ,31-Oct-18,1057,1059,1065.85,1047,1058.2,1061.25,1059.51,16457691,17437021868,198506
RELIANCE,EQ,1-Nov-18,1061.25,1067.9,1067.9,1050,1055,1056.25,1059.03,9396027,9950642966,156986
RELIANCE,EQ,2-Nov-18,1056.25,1067,1081,1063.15,1074,1074.9,1072.3,16796200,18010596483,200419
RELIANCE,EQ,5-Nov-18,1074.9,1073.45,1092.7,1065,1092,1090.3,1081.82,7582518,8202916185,197240
RELIANCE,EQ,6-Nov-18,1090.3,1094,1112,1091.6,1101.75,1104.1,1104.23,8634266,9534243973,156053
RELIANCE,EQ,7-Nov-18,1104.1,1115,1115,1106.7,1111.4,1110.7,1110.53,1283997,1425914094,34192
RELIANCE,EQ,9-Nov-18,1110.7,1106.25,1113.8,1085,1093,1093.45,1101.88,10840462,11944916795,215120
RELIANCE,EQ,12-Nov-18,1093.45,1097.7,1098.8,1074.55,1076,1080,1085.52,5801720,6297872542,152590
RELIANCE,EQ,13-Nov-18,1080,1074,1103,1070.05,1097.85,1099.45,1090.11,6811598,7425368614,143881
RELIANCE,EQ,14-Nov-18,1099.45,1105.05,1112.65,1085.5,1099,1097.95,1098.36,7787530,8553487246,159663
RELIANCE,EQ,15-Nov-18,1097.95,1096.95,1103,1086.5,1094.7,1096.85,1095.12,6831740,7481565459,163244
RELIANCE,EQ,16-Nov-18,1096.85,1097.95,1129.95,1097.1,1125,1127.4,1121.66,11031889,12373982316,255693