Date,Price,Open,High,Low,Vol.,Change %
19-Nov-12,646.75,639.75,647.90,639.45,1.45M,0.01
20-Nov-12,653.85,649.10,655.90,648.25,2.34M,0.01
21-Nov-12,663.70,655.15,665.50,649.70,3.23M,0.02
22-Nov-12,669.10,666.80,671.15,664.00,2.11M,0.01
23-Nov-12,669.75,669.50,672.60,659.05,1.31M,0.00
26-Nov-12,661.90,673.00,673.70,660.10,1.37M,0.01
27-Nov-12,680.50,664.90,683.80,664.90,4.13M,0.03
29-Nov-12,699.85,677.50,703.75,675.40,6.30M,0.03
30-Nov-12,703.95,701.00,705.50,689.60,3.91M,0.01
3-Dec-12,686.95,700.00,701.15,684.00,2.91M,0.02
4-Dec-12,685.15,684.10,690.00,681.05,2.17M,0.00
5-Dec-12,692.60,689.00,695.00,687.00,2.30M,0.01
6-Dec-12,694.75,695.80,698.50,680.80,2.73M,0.00
7-Dec-12,693.10,695.25,698.00,688.00,1.98M,0.00
10-Dec-12,693.00,690.00,696.50,689.65,2.08M,0.00
11-Dec-12,690.85,695.25,699.00,686.30,3.38M,0.00
12-Dec-12,693.85,691.25,696.00,688.50,1.93M,0.00
13-Dec-12,691.05,693.85,696.00,689.00,1.57M,0.00
14-Dec-12,688.75,690.05,694.40,685.35,2.09M,0.00
17-Dec-12,676.50,687.90,687.90,673.60,3.06M,0.02
18-Dec-12,675.95,677.95,682.20,669.75,3.34M,0.00
19-Dec-12,688.00,674.55,689.25,674.50,4.12M,0.02
20-Dec-12,683.40,686.00,687.00,680.25,2.57M,0.01
21-Dec-12,676.00,681.00,682.00,674.05,2.77M,0.01
24-Dec-12,676.10,680.00,680.15,671.80,1.37M,0.00
26-Dec-12,680.30,678.10,684.85,673.10,1.43M,0.01
27-Dec-12,680.10,684.00,684.00,676.70,2.46M,0.00
28-Dec-12,677.65,681.10,683.00,674.15,1.76M,0.00
31-Dec-12,678.60,677.00,680.00,674.00,1.28M,0.00
1-Jan-13,684.50,682.10,685.10,679.65,1.01M,0.01
2-Jan-13,687.35,689.90,690.00,683.05,2.43M,0.00
3-Jan-13,683.35,690.00,690.00,680.40,2.29M,0.01
4-Jan-13,679.35,685.00,685.00,672.80,2.72M,0.01
7-Jan-13,668.20,683.70,683.70,666.00,2.75M,0.02
8-Jan-13,670.25,668.00,673.40,665.70,2.47M,0.00
9-Jan-13,667.50,672.00,672.55,666.05,3.22M,0.00
10-Jan-13,675.80,669.50,678.00,666.50,2.28M,0.01
11-Jan-13,669.30,676.90,676.90,666.70,2.57M,0.01
14-Jan-13,669.30,668.15,670.50,667.10,2.85M,0.00
15-Jan-13,668.30,670.80,675.45,665.00,2.07M,0.00
16-Jan-13,660.50,665.55,669.20,657.60,2.29M,0.01
17-Jan-13,666.80,657.70,670.85,654.05,3.21M,0.01
18-Jan-13,662.85,670.00,674.00,655.30,5.06M,0.01
21-Jan-13,658.55,660.00,663.40,654.75,2.71M,0.01
22-Jan-13,653.75,658.50,661.00,647.55,2.12M,0.01
23-Jan-13,656.60,657.00,663.00,654.35,1.77M,0.00
24-Jan-13,660.30,655.60,662.75,655.25,1.54M,0.01
25-Jan-13,665.05,660.30,667.00,655.55,1.40M,0.01
28-Jan-13,670.35,665.25,672.00,664.45,1.84M,0.01
29-Jan-13,652.45,670.75,670.90,650.00,2.99M,0.03
30-Jan-13,656.65,653.00,658.40,644.00,2.51M,0.01
31-Jan-13,643.05,656.60,657.90,640.10,3.47M,0.02
1-Feb-13,640.15,644.80,644.85,636.20,2.62M,0.00
4-Feb-13,646.90,641.15,649.50,640.00,2.62M,0.01
5-Feb-13,644.15,636.35,647.20,636.35,1.87M,0.00
6-Feb-13,639.50,646.60,646.90,637.20,2.47M,0.01
7-Feb-13,641.50,636.30,643.00,634.55,2.27M,0.00
8-Feb-13,650.05,640.50,653.40,640.50,4.71M,0.01
11-Feb-13,656.95,650.00,659.95,650.00,3.79M,0.01
12-Feb-13,665.20,655.65,667.00,655.65,3.96M,0.01
13-Feb-13,664.20,663.30,667.40,659.50,3.63M,0.00
14-Feb-13,674.80,664.00,678.40,662.00,4.42M,0.02
15-Feb-13,676.75,671.70,680.80,668.20,3.12M,0.00
18-Feb-13,676.00,678.00,680.90,674.00,2.37M,0.00
19-Feb-13,674.80,674.50,677.40,671.55,593.70K,0.00
20-Feb-13,676.95,677.50,680.80,674.90,1.72M,0.00
21-Feb-13,666.25,675.00,677.45,664.05,2.72M,0.02
22-Feb-13,659.30,662.20,666.40,657.55,1.93M,0.01
25-Feb-13,656.45,663.25,665.20,654.10,1.89M,0.00
26-Feb-13,651.25,654.80,663.00,645.40,2.94M,0.01
27-Feb-13,642.75,652.30,654.00,640.90,3.22M,0.01
28-Feb-13,625.35,646.95,654.95,619.35,6.97M,0.03
1-Mar-13,622.50,625.00,629.60,616.30,4.31M,0.00
4-Mar-13,627.65,620.35,630.30,618.00,2.99M,0.01
5-Mar-13,632.95,630.90,634.70,623.15,2.64M,0.01
6-Mar-13,630.50,634.95,637.15,629.00,2.73M,0.00
7-Mar-13,641.80,628.35,642.95,627.15,1.49M,0.02
8-Mar-13,657.30,644.20,660.00,643.40,2.65M,0.02
11-Mar-13,655.25,657.30,659.70,650.25,2.13M,0.00
12-Mar-13,644.00,653.00,655.70,640.10,1.72M,0.02
13-Mar-13,634.90,641.05,645.90,632.20,1.98M,0.01
14-Mar-13,649.25,634.90,653.50,615.35,7.98M,0.02
15-Mar-13,639.40,645.00,649.90,633.80,3.86M,0.02
18-Mar-13,643.30,633.00,654.00,630.00,4.39M,0.01
19-Mar-13,631.55,643.00,643.80,624.00,5.01M,0.02
20-Mar-13,625.50,632.00,633.45,621.00,2.83M,0.01
21-Mar-13,607.00,622.65,628.80,603.75,3.61M,0.03
22-Mar-13,605.25,609.00,614.60,602.60,7.38M,0.00
25-Mar-13,609.40,611.00,613.35,607.55,6.80M,0.01
26-Mar-13,614.50,606.00,617.50,602.55,3.32M,0.01
28-Mar-13,625.35,616.50,631.15,606.95,4.87M,0.02
1-Apr-13,623.85,624.65,629.00,621.00,1.68M,0.00
2-Apr-13,629.90,625.00,634.30,617.90,1.71M,0.01
3-Apr-13,623.65,628.00,631.65,619.50,1.68M,0.01
4-Apr-13,616.15,618.80,623.40,613.45,2.05M,0.01
5-Apr-13,620.95,614.95,626.40,613.40,3.24M,0.01
8-Apr-13,624.45,618.95,628.95,617.75,2.16M,0.01
9-Apr-13,620.60,628.10,628.10,617.40,3.69M,0.01
10-Apr-13,632.00,626.80,633.65,618.95,3.79M,0.02
11-Apr-13,639.25,632.50,642.00,631.90,6.27M,0.01
12-Apr-13,643.70,636.10,645.85,636.10,3.80M,0.01
15-Apr-13,641.55,642.10,643.45,635.00,3.98M,0.00
16-Apr-13,663.35,643.00,665.85,642.35,3.44M,0.03
17-Apr-13,660.10,665.00,671.85,656.80,3.74M,0.00
18-Apr-13,673.60,654.00,675.40,654.00,2.31M,0.02
22-Apr-13,698.30,674.70,702.00,674.70,4.97M,0.04
23-Apr-13,689.00,698.80,700.00,678.80,5.97M,0.01
25-Apr-13,689.55,692.35,695.00,680.05,6.47M,0.00
26-Apr-13,689.10,687.65,692.25,683.00,2.14M,0.00
29-Apr-13,695.15,688.25,696.85,686.50,2.92M,0.01
30-Apr-13,682.30,694.00,695.95,676.80,3.14M,0.02
2-May-13,692.50,684.40,694.00,682.30,3.08M,0.01
3-May-13,680.95,692.60,694.00,678.65,3.07M,0.02
6-May-13,675.50,679.00,679.30,669.95,1.92M,0.01
7-May-13,688.05,676.30,689.90,672.50,2.77M,0.02
8-May-13,697.15,689.00,699.50,686.50,2.16M,0.01
9-May-13,690.05,699.05,699.50,688.20,1.13M,0.01
10-May-13,703.35,688.70,704.90,688.65,3.48M,0.02
13-May-13,692.75,705.00,711.45,690.80,2.40M,0.02
14-May-13,689.05,690.05,694.90,685.10,1.66M,0.01
15-May-13,714.85,693.50,716.00,691.35,3.54M,0.04
16-May-13,722.80,712.00,724.00,711.00,2.92M,0.01
17-May-13,718.90,722.50,722.50,709.20,3.20M,0.01
20-May-13,714.50,719.50,724.00,712.15,1.46M,0.01
21-May-13,707.80,714.00,718.00,705.05,2.30M,0.01
22-May-13,703.45,707.50,712.00,698.00,1.35M,0.01
23-May-13,698.60,699.00,706.45,694.30,1.98M,0.01
24-May-13,701.35,705.75,705.75,694.30,2.07M,0.00
27-May-13,715.05,698.60,717.00,698.60,2.25M,0.02
28-May-13,713.30,714.25,720.80,706.80,1.68M,0.00
29-May-13,715.95,710.05,718.45,703.85,1.23M,0.00
30-May-13,725.15,710.10,727.30,710.10,3.84M,0.01
31-May-13,700.50,717.25,720.70,697.70,3.08M,0.03
3-Jun-13,689.15,698.00,701.40,686.55,1.97M,0.02
4-Jun-13,683.05,687.30,693.80,681.00,1.40M,0.01
5-Jun-13,687.95,682.00,694.40,678.50,1.89M,0.01
6-Jun-13,682.20,683.50,689.40,678.00,1.78M,0.01
7-Jun-13,676.15,681.75,693.40,673.20,2.39M,0.01
10-Jun-13,676.35,681.05,687.00,671.50,1.59M,0.00
11-Jun-13,664.90,673.45,680.90,662.20,2.96M,0.02
12-Jun-13,663.95,662.00,673.40,658.45,2.45M,0.00
13-Jun-13,655.10,657.60,661.00,653.35,1.79M,0.01
14-Jun-13,665.05,662.00,668.45,659.30,3.74M,0.02
17-Jun-13,667.35,665.60,669.20,657.35,3.27M,0.00
18-Jun-13,657.45,668.00,668.00,655.00,3.11M,0.01
19-Jun-13,665.20,656.10,666.60,652.85,2.41M,0.01
20-Jun-13,636.60,658.85,658.85,634.60,3.78M,0.04
21-Jun-13,635.25,636.80,642.55,630.10,4.47M,0.00
24-Jun-13,625.35,631.80,633.85,623.75,2.69M,0.02
25-Jun-13,634.00,626.00,646.40,622.40,4.67M,0.01
26-Jun-13,622.85,631.50,637.65,620.00,2.62M,0.02
27-Jun-13,646.50,634.00,652.70,622.35,6.75M,0.04
28-Jun-13,669.50,649.50,673.20,649.10,5.27M,0.04
1-Jul-13,668.75,669.00,674.00,664.65,2.46M,0.00
2-Jul-13,656.55,668.70,668.75,654.30,2.30M,0.02
3-Jul-13,650.65,654.00,654.70,643.60,3.35M,0.01
4-Jul-13,655.15,653.80,657.45,645.70,2.40M,0.01
5-Jul-13,667.75,660.10,672.75,658.50,2.39M,0.02
8-Jul-13,660.45,664.00,667.45,652.75,1.79M,0.01
9-Jul-13,670.30,662.20,673.75,662.20,1.76M,0.01
10-Jul-13,659.30,670.25,671.90,656.15,1.78M,0.02
11-Jul-13,683.25,667.00,686.70,666.05,2.65M,0.04
12-Jul-13,695.75,687.00,697.70,681.80,3.91M,0.02
15-Jul-13,695.45,691.00,698.05,684.00,2.13M,0.00
16-Jul-13,678.70,679.00,684.50,669.95,2.91M,0.02
17-Jul-13,662.90,677.80,680.80,647.90,5.66M,0.02
18-Jul-13,684.10,669.90,688.50,656.95,3.42M,0.03
19-Jul-13,680.00,688.05,691.95,673.15,3.11M,0.01
22-Jul-13,682.05,676.00,687.00,676.00,1.62M,0.00
23-Jul-13,683.60,687.90,690.00,681.05,1.85M,0.00
24-Jul-13,659.95,674.00,676.00,653.50,3.66M,0.03
25-Jul-13,653.85,660.65,666.00,650.15,4.07M,0.01
26-Jul-13,644.10,656.00,656.25,638.00,2.34M,0.01
29-Jul-13,632.50,643.00,643.00,629.65,3.73M,0.02
30-Jul-13,625.35,630.75,635.00,620.10,3.67M,0.01
31-Jul-13,609.75,621.00,621.80,606.90,6.71M,0.02
1-Aug-13,632.20,613.90,637.80,612.40,5.86M,0.04
2-Aug-13,631.25,630.00,634.80,626.85,5.00M,0.00
5-Aug-13,632.70,631.55,635.45,615.00,3.40M,0.00
6-Aug-13,608.65,631.00,631.35,606.50,4.91M,0.04
7-Aug-13,601.20,609.95,614.35,600.00,5.69M,0.01
8-Aug-13,610.50,604.00,617.50,600.00,5.12M,0.02
12-Aug-13,602.20,610.05,610.80,598.65,3.93M,0.01
13-Aug-13,620.50,603.85,624.80,598.15,3.68M,0.03
14-Aug-13,621.35,622.00,623.65,608.65,3.58M,0.00
16-Aug-13,587.90,614.00,622.00,584.90,7.01M,0.05
19-Aug-13,584.70,587.00,588.60,570.30,5.00M,0.01
20-Aug-13,584.75,574.95,589.90,566.50,6.43M,0.00
21-Aug-13,593.35,606.00,619.35,590.00,7.23M,0.01
22-Aug-13,588.70,589.00,603.70,570.00,7.56M,0.01
23-Aug-13,607.55,592.00,609.15,588.30,5.17M,0.03
26-Aug-13,611.30,612.35,622.80,602.55,3.65M,0.01
27-Aug-13,561.90,597.30,600.00,555.45,13.68M,0.08
28-Aug-13,561.95,555.70,572.00,528.00,9.27M,0.00
29-Aug-13,572.05,568.00,582.50,568.00,10.19M,0.02
30-Aug-13,594.00,571.00,600.00,570.65,9.15M,0.04
2-Sep-13,589.50,598.00,604.35,582.50,4.88M,0.01
3-Sep-13,562.55,596.90,596.90,557.05,4.54M,0.05
4-Sep-13,564.05,567.45,576.85,559.15,5.24M,0.00
5-Sep-13,609.50,584.00,622.90,584.00,8.31M,0.08
6-Sep-13,616.20,611.00,620.00,586.75,4.75M,0.01
10-Sep-13,638.00,620.55,641.00,618.40,5.07M,0.04
11-Sep-13,647.25,633.00,650.00,625.55,3.17M,0.01
12-Sep-13,633.95,642.50,646.00,627.60,4.42M,0.02
13-Sep-13,629.20,632.45,634.50,621.00,3.88M,0.01
16-Sep-13,642.80,637.50,648.90,629.00,3.03M,0.02
17-Sep-13,642.25,638.00,645.00,633.60,2.11M,0.00
18-Sep-13,650.50,643.60,654.90,631.15,2.75M,0.01
19-Sep-13,683.20,680.00,689.90,676.30,7.32M,0.05
20-Sep-13,659.05,682.50,686.45,635.25,6.18M,0.04
23-Sep-13,641.95,651.00,652.35,633.10,3.50M,0.03
24-Sep-13,638.45,633.05,644.35,629.95,4.54M,0.01
25-Sep-13,620.60,638.00,641.70,613.20,5.25M,0.03
26-Sep-13,621.15,621.35,626.00,618.00,5.65M,0.00
27-Sep-13,608.90,622.00,624.00,605.00,4.10M,0.02
30-Sep-13,593.05,606.00,612.85,587.70,4.27M,0.03
1-Oct-13,611.65,598.80,614.40,589.35,3.25M,0.03
3-Oct-13,636.20,615.30,639.00,610.00,2.44M,0.04
4-Oct-13,640.45,635.50,647.40,635.00,3.41M,0.01
7-Oct-13,634.30,636.50,638.15,618.25,2.48M,0.01
8-Oct-13,632.65,650.50,654.55,625.80,2.94M,0.00
9-Oct-13,649.15,625.20,650.90,623.00,2.17M,0.03
10-Oct-13,641.05,649.00,649.00,633.35,2.09M,0.01
11-Oct-13,661.30,647.30,663.75,639.35,3.35M,0.03
14-Oct-13,667.50,657.55,669.30,648.65,3.09M,0.01
15-Oct-13,652.45,673.00,675.00,646.60,4.04M,0.02
17-Oct-13,654.20,653.00,659.95,642.55,3.64M,0.00
18-Oct-13,676.60,655.25,679.55,655.25,5.32M,0.03
21-Oct-13,671.25,674.00,678.80,662.55,2.81M,0.01
22-Oct-13,669.00,671.00,673.95,665.20,2.19M,0.00
23-Oct-13,660.20,669.00,669.00,653.80,3.39M,0.01
24-Oct-13,669.30,656.20,675.75,656.20,3.08M,0.01
25-Oct-13,672.55,665.25,674.95,663.15,2.24M,0.00
28-Oct-13,667.90,673.00,675.00,665.40,2.10M,0.01
29-Oct-13,686.50,668.00,689.00,655.55,3.81M,0.03
30-Oct-13,679.35,686.00,687.50,675.75,2.55M,0.01
31-Oct-13,680.80,676.20,685.05,673.40,4.55M,0.00
1-Nov-13,683.80,681.60,688.00,678.20,3.91M,0.00
5-Nov-13,676.25,680.45,685.00,673.00,3.56M,0.01
6-Nov-13,668.90,678.90,679.20,665.25,1.15M,0.01
7-Nov-13,665.40,670.00,677.50,656.90,1.95M,0.01
8-Nov-13,652.50,663.40,667.65,644.65,3.37M,0.02
11-Nov-13,654.25,644.00,660.70,616.70,2.80M,0.00
12-Nov-13,645.95,652.55,663.05,643.35,2.25M,0.01
13-Nov-13,633.70,639.00,647.45,628.35,2.64M,0.02
14-Nov-13,642.20,638.00,649.90,638.00,3.16M,0.01
18-Nov-13,668.80,651.40,670.00,649.05,3.72M,0.04
19-Nov-13,660.05,668.40,668.40,657.45,1.70M,0.01
20-Nov-13,649.55,656.70,659.00,646.40,2.09M,0.02
21-Nov-13,637.65,644.55,645.60,635.15,3.20M,0.02
22-Nov-13,642.15,642.50,646.90,635.10,1.87M,0.01
25-Nov-13,659.75,648.05,661.75,648.05,4.04M,0.03
26-Nov-13,652.95,657.70,659.90,648.40,3.62M,0.01
27-Nov-13,653.55,651.10,658.75,644.10,2.15M,0.00
28-Nov-13,653.40,655.60,663.00,648.05,3.69M,0.00
29-Nov-13,661.30,655.00,668.90,655.00,2.39M,0.01
2-Dec-13,661.30,662.00,665.00,658.05,1.71M,0.00
3-Dec-13,655.75,660.00,662.20,652.65,2.57M,0.01
4-Dec-13,657.60,654.90,659.55,653.45,2.62M,0.00
5-Dec-13,688.10,671.55,689.90,671.55,8.00M,0.05
6-Dec-13,682.70,684.90,689.60,678.25,4.02M,0.01
9-Dec-13,696.65,710.00,717.40,692.55,6.32M,0.02
10-Dec-13,696.70,692.35,701.85,690.00,6.27M,0.00
11-Dec-13,695.55,690.10,701.80,686.90,3.07M,0.00
12-Dec-13,695.20,693.20,700.55,690.50,3.22M,0.00
13-Dec-13,689.95,687.80,702.00,685.00,6.33M,0.01
16-Dec-13,684.35,688.00,690.90,681.20,5.36M,0.01
17-Dec-13,657.60,675.65,675.65,654.05,4.49M,0.04
18-Dec-13,666.25,650.50,680.65,649.55,3.52M,0.01
19-Dec-13,652.55,679.00,683.95,650.40,2.50M,0.02
20-Dec-13,664.60,657.80,668.60,650.10,1.43M,0.02
23-Dec-13,664.45,658.00,671.50,657.00,1.38M,0.00
24-Dec-13,657.30,665.55,666.50,655.05,888.67K,0.01
26-Dec-13,669.05,659.85,672.20,656.90,2.01M,0.02
27-Dec-13,669.65,664.10,675.45,664.10,1.37M,0.00
30-Dec-13,669.50,676.80,677.00,665.15,1.06M,0.00
31-Dec-13,665.85,672.10,672.30,660.10,1.32M,0.01
1-Jan-14,665.15,668.00,669.80,663.00,1.12M,0.00
2-Jan-14,657.00,665.00,674.75,653.55,1.81M,0.01
3-Jan-14,663.10,652.00,666.00,650.00,1.63M,0.01
6-Jan-14,661.70,663.00,663.00,657.00,1.49M,0.00
7-Jan-14,664.40,667.10,670.95,653.30,1.97M,0.00
8-Jan-14,664.70,665.20,666.95,660.00,1.16M,0.00
9-Jan-14,662.95,663.20,666.05,657.10,944.37K,0.00
10-Jan-14,662.05,662.95,674.70,656.30,1.54M,0.00
13-Jan-14,672.85,660.10,676.95,656.90,1.19M,0.02
14-Jan-14,672.30,669.05,676.00,668.30,894.28K,0.00
15-Jan-14,680.55,673.00,682.70,669.60,1.16M,0.01
16-Jan-14,673.05,684.40,685.00,670.35,1.13M,0.01
17-Jan-14,665.00,675.00,675.00,659.05,10.84M,0.01
20-Jan-14,670.05,668.10,676.70,666.40,1.40M,0.01
21-Jan-14,676.10,672.95,678.80,670.00,1.56M,0.01
22-Jan-14,677.10,675.50,684.70,674.65,1.76M,0.00
23-Jan-14,679.50,675.00,681.10,672.75,1.37M,0.00
24-Jan-14,673.40,670.00,674.95,663.70,2.21M,0.01
27-Jan-14,649.20,664.90,664.90,645.60,4.27M,0.04
28-Jan-14,644.45,648.00,656.00,638.60,4.60M,0.01
29-Jan-14,645.45,647.50,650.90,640.55,2.74M,0.00
30-Jan-14,631.80,637.50,639.90,627.65,2.86M,0.02
31-Jan-14,628.50,630.00,636.30,625.10,2.41M,0.01
3-Feb-14,626.50,629.95,634.00,625.10,1.19M,0.00
4-Feb-14,630.60,621.65,635.50,616.80,1.85M,0.01
5-Feb-14,637.45,631.00,639.80,625.10,1.73M,0.01
6-Feb-14,647.00,638.75,649.60,629.50,3.37M,0.02
7-Feb-14,647.75,652.40,654.50,642.10,1.01M,0.00
10-Feb-14,643.90,647.65,650.15,636.00,1.57M,0.01
11-Feb-14,644.80,646.00,647.15,639.30,1.12M,0.00
12-Feb-14,645.45,646.60,652.80,643.65,1.61M,0.00
13-Feb-14,632.50,646.00,648.00,631.25,788.80K,0.02
14-Feb-14,641.80,634.00,643.85,629.35,1.06M,0.01
17-Feb-14,650.40,642.00,652.00,641.10,912.53K,0.01
18-Feb-14,660.40,648.50,664.40,647.40,1.25M,0.02
19-Feb-14,670.05,656.20,672.25,655.00,1.02M,0.01
20-Feb-14,662.75,665.80,667.45,660.85,862.11K,0.01
21-Feb-14,664.40,659.85,669.60,659.70,760.97K,0.00
24-Feb-14,671.00,662.10,673.00,655.75,1.25M,0.01
25-Feb-14,671.10,674.00,676.00,666.00,1.01M,0.00
26-Feb-14,677.40,670.00,679.20,668.55,1.14M,0.01
28-Feb-14,669.60,682.00,682.90,665.15,1.23M,0.01
3-Mar-14,666.20,665.20,672.00,663.20,919.61K,0.01
4-Mar-14,671.70,666.00,673.85,664.25,1.61M,0.01
5-Mar-14,669.75,673.50,675.00,662.50,1.00M,0.00
6-Mar-14,675.60,673.00,677.70,668.10,1.24M,0.01
7-Mar-14,711.45,679.60,714.90,676.20,5.69M,0.05
10-Mar-14,734.45,706.50,736.90,700.00,6.53M,0.03
11-Mar-14,725.15,734.50,740.00,719.55,3.25M,0.01
12-Mar-14,725.55,721.25,733.00,716.50,1.78M,0.00
13-Mar-14,742.35,727.50,749.50,727.50,2.86M,0.02
14-Mar-14,732.15,735.00,739.90,724.00,3.05M,0.01
18-Mar-14,734.00,735.40,744.80,728.30,2.03M,0.00
19-Mar-14,738.45,740.00,743.30,735.75,1.51M,0.01
20-Mar-14,730.20,738.45,738.45,728.00,1.30M,0.01
21-Mar-14,733.85,735.15,737.50,731.20,1.88M,0.01
22-Mar-14,732.40,736.00,736.00,729.85,105.53K,0.00
24-Mar-14,750.65,734.50,752.90,734.00,2.93M,0.02
25-Mar-14,750.15,750.00,760.55,747.75,2.01M,0.00
26-Mar-14,746.05,752.80,756.30,744.10,2.35M,0.01
27-Mar-14,746.75,750.00,760.75,742.00,6.14M,0.00
28-Mar-14,744.95,749.95,754.10,735.05,3.04M,0.00
31-Mar-14,748.80,747.95,753.00,743.10,2.07M,0.01
1-Apr-14,738.10,751.50,753.55,732.55,2.01M,0.01
2-Apr-14,731.90,744.95,746.00,721.90,2.60M,0.01
3-Apr-14,728.80,736.00,738.00,726.25,1.39M,0.00
4-Apr-14,725.45,725.55,733.00,720.05,1.86M,0.00
7-Apr-14,725.35,725.00,732.00,723.10,2.93M,0.00
9-Apr-14,741.85,728.05,744.90,721.75,2.63M,0.02
10-Apr-14,739.40,744.65,748.65,736.00,1.87M,0.00
11-Apr-14,738.15,734.05,744.80,733.90,1.30M,0.00
15-Apr-14,723.95,734.30,738.80,718.10,2.09M,0.02
16-Apr-14,725.95,723.20,731.80,721.10,893.10K,0.00
17-Apr-14,718.70,716.25,721.30,707.30,3.08M,0.01
21-Apr-14,716.45,722.70,726.50,713.00,1.75M,0.00
22-Apr-14,727.55,721.90,729.60,717.40,2.85M,0.02
23-Apr-14,733.00,724.90,739.45,722.60,5.26M,0.01
25-Apr-14,726.40,733.15,738.00,725.00,1.55M,0.01
28-Apr-14,725.20,722.25,729.25,720.55,1.22M,0.00
29-Apr-14,715.80,726.40,727.50,712.50,1.66M,0.01
30-Apr-14,721.30,716.00,729.90,711.65,2.20M,0.01
2-May-14,717.10,723.50,727.55,715.55,1.48M,0.01
5-May-14,716.70,719.85,723.10,714.00,1.30M,0.00
6-May-14,720.20,720.20,724.60,714.10,1.55M,0.00
7-May-14,715.60,718.50,727.00,711.45,1.65M,0.01
8-May-14,718.30,717.15,723.00,715.50,1.88M,0.00
9-May-14,756.80,720.00,760.00,720.00,4.09M,0.05
12-May-14,792.15,755.10,794.85,754.50,4.39M,0.05
13-May-14,788.15,800.00,800.00,782.50,3.17M,0.01
14-May-14,775.45,785.00,794.80,774.25,2.13M,0.02
15-May-14,788.35,769.00,791.15,766.05,2.37M,0.02
16-May-14,804.70,800.00,854.00,787.65,8.22M,0.02
19-May-14,811.90,815.90,835.00,808.00,2.63M,0.01
20-May-14,816.05,816.00,821.60,804.35,1.59M,0.01
21-May-14,809.50,812.35,814.50,805.00,910.60K,0.01
22-May-14,802.60,812.00,815.00,798.00,1.95M,0.01
23-May-14,789.65,799.00,803.00,782.70,2.45M,0.02
26-May-14,797.15,799.00,804.05,790.00,4.35M,0.01
27-May-14,804.90,800.00,810.65,788.35,1.90M,0.01
28-May-14,823.45,799.90,826.75,799.50,3.59M,0.02
29-May-14,810.25,822.60,830.75,807.40,3.42M,0.02
30-May-14,792.75,815.00,822.80,730.00,8.20M,0.02
2-Jun-14,819.40,793.50,822.35,793.50,2.02M,0.03
3-Jun-14,824.35,823.00,827.85,814.00,906.04K,0.01
4-Jun-14,816.70,822.40,829.70,815.10,716.09K,0.01
5-Jun-14,805.45,811.80,815.40,801.00,1.92M,0.01
6-Jun-14,815.25,813.00,821.00,801.00,2.64M,0.01
9-Jun-14,819.45,821.90,830.00,815.00,2.33M,0.01
10-Jun-14,816.65,821.15,823.60,810.00,1.25M,0.00
11-Jun-14,820.50,817.00,829.85,810.00,1.94M,0.00
12-Jun-14,839.85,824.50,844.95,812.85,3.18M,0.02
13-Jun-14,835.40,844.00,856.00,831.65,3.05M,0.01
16-Jun-14,839.00,831.00,842.80,830.30,1.33M,0.00
17-Jun-14,846.55,836.00,848.80,827.35,1.75M,0.01
18-Jun-14,834.85,847.10,851.40,828.75,1.34M,0.01
19-Jun-14,825.75,837.10,839.95,822.20,1.18M,0.01
20-Jun-14,821.95,826.00,831.75,819.35,742.44K,0.00
23-Jun-14,821.45,824.00,826.55,815.30,1.46M,0.00
24-Jun-14,829.00,825.35,832.75,825.00,1.27M,0.01
25-Jun-14,824.10,829.00,833.20,823.00,1.58M,0.01
26-Jun-14,812.40,820.00,826.60,808.65,5.45M,0.01
27-Jun-14,816.20,817.85,822.00,814.00,1.29M,0.00
30-Jun-14,821.55,819.90,832.70,819.90,1.54M,0.01
1-Jul-14,823.30,823.00,827.95,815.00,1.91M,0.00
2-Jul-14,839.90,830.80,842.00,825.50,1.91M,0.02
3-Jul-14,836.80,841.00,845.30,831.35,1.52M,0.00
4-Jul-14,856.65,836.80,858.95,835.10,1.41M,0.02
7-Jul-14,840.45,859.90,860.70,835.85,2.03M,0.02
8-Jul-14,829.25,844.00,848.35,820.00,1.68M,0.01
9-Jul-14,830.30,828.00,834.85,818.00,1.45M,0.00
10-Jul-14,823.35,830.30,848.00,812.25,2.46M,0.01
11-Jul-14,811.80,821.10,831.45,808.80,2.30M,0.01
14-Jul-14,817.45,815.00,820.00,807.15,1.23M,0.01
15-Jul-14,826.80,820.75,828.80,816.50,1.52M,0.01
16-Jul-14,835.75,829.50,838.50,817.90,2.40M,0.01
17-Jul-14,831.80,838.70,839.00,829.50,1.26M,0.00
18-Jul-14,832.45,828.90,836.80,822.00,1.82M,0.00
21-Jul-14,827.45,841.70,846.95,825.25,2.45M,0.01
22-Jul-14,839.85,829.90,842.65,827.00,1.74M,0.02
23-Jul-14,836.30,843.10,845.00,835.00,1.96M,0.00
24-Jul-14,842.25,836.00,844.00,833.00,1.07M,0.01
25-Jul-14,835.50,841.00,849.80,834.15,2.67M,0.01
28-Jul-14,829.55,838.50,839.80,828.00,971.24K,0.01
30-Jul-14,838.80,831.00,841.90,826.85,1.17M,0.01
31-Jul-14,834.00,837.90,839.90,828.55,2.98M,0.01
1-Aug-14,815.45,826.05,827.80,812.00,1.71M,0.02
4-Aug-14,813.00,819.00,822.70,807.10,1.84M,0.00
5-Aug-14,820.20,817.00,823.00,809.90,1.52M,0.01
6-Aug-14,810.00,815.05,819.55,807.35,845.35K,0.01
7-Aug-14,811.50,812.90,818.50,810.00,983.44K,0.00
8-Aug-14,796.15,805.00,807.80,795.00,1.86M,0.02
11-Aug-14,792.95,801.00,802.85,791.40,1.41M,0.00
12-Aug-14,807.20,801.00,808.50,792.00,1.65M,0.02
13-Aug-14,812.40,810.00,815.75,802.65,1.96M,0.01
14-Aug-14,826.70,814.10,831.65,813.30,2.97M,0.02
18-Aug-14,832.35,830.00,834.50,823.60,1.68M,0.01
19-Aug-14,823.85,833.00,837.50,822.25,1.97M,0.01
20-Aug-14,820.55,829.00,834.60,819.00,2.36M,0.00
21-Aug-14,832.50,822.00,835.20,821.00,1.60M,0.01
22-Aug-14,846.75,834.35,848.75,828.05,2.50M,0.02
25-Aug-14,843.45,843.00,852.80,837.20,1.66M,0.00
26-Aug-14,842.50,844.50,848.50,838.10,1.04M,0.00
27-Aug-14,836.60,846.00,846.00,834.00,1.21M,0.01
28-Aug-14,843.55,837.50,845.50,834.00,2.00M,0.01
1-Sep-14,841.20,845.90,849.00,838.60,1.04M,0.00
2-Sep-14,859.20,843.10,861.10,838.65,2.86M,0.02
3-Sep-14,856.65,865.00,865.00,851.60,2.31M,0.00
4-Sep-14,851.85,858.05,859.00,848.50,1.60M,0.01
5-Sep-14,848.45,852.00,855.55,844.10,958.80K,0.00
8-Sep-14,864.75,851.00,867.80,849.45,2.45M,0.02
9-Sep-14,865.60,860.10,869.90,857.80,1.92M,0.00
10-Sep-14,857.30,865.00,865.00,854.10,1.08M,0.01
11-Sep-14,854.35,857.40,863.10,853.00,1.63M,0.00
12-Sep-14,855.70,850.10,858.00,848.95,1.52M,0.00
15-Sep-14,860.35,850.00,865.00,850.00,1.45M,0.01
16-Sep-14,851.00,861.00,862.05,848.00,1.27M,0.01
17-Sep-14,846.40,855.00,855.90,842.10,1.98M,0.01
18-Sep-14,858.15,844.75,861.00,842.25,1.66M,0.01
19-Sep-14,860.25,860.00,865.00,851.40,1.64M,0.00
22-Sep-14,856.85,856.95,858.50,851.00,1.63M,0.00
23-Sep-14,848.85,856.05,857.85,845.60,1.18M,0.01
24-Sep-14,855.45,847.10,857.30,845.05,1.67M,0.01
25-Sep-14,849.95,853.00,865.60,842.10,4.15M,0.01
26-Sep-14,871.65,849.95,879.00,845.00,2.47M,0.03
29-Sep-14,865.10,873.00,877.35,861.20,2.17M,0.01
30-Sep-14,872.65,864.20,879.80,861.15,3.01M,0.01
1-Oct-14,868.00,866.00,871.15,860.50,1.47M,0.01
7-Oct-14,862.45,865.00,867.00,854.10,1.26M,0.01
8-Oct-14,867.60,860.55,870.00,858.30,785.10K,0.01
9-Oct-14,887.60,874.00,892.95,868.25,1.91M,0.02
10-Oct-14,867.30,883.05,885.15,864.90,1.07M,0.02
13-Oct-14,876.80,864.00,878.00,855.65,1.34M,0.01
14-Oct-14,868.35,885.00,885.95,865.15,1.82M,0.01
16-Oct-14,858.85,868.40,874.00,855.05,1.38M,0.01
17-Oct-14,885.25,860.25,888.10,857.10,2.49M,0.03
20-Oct-14,893.80,894.00,909.60,890.15,2.38M,0.01
21-Oct-14,895.55,900.00,905.75,887.65,4.01M,0.00
22-Oct-14,893.65,905.05,906.35,891.25,1.14M,0.00
23-Oct-14,896.45,893.00,897.85,892.00,224.72K,0.00
27-Oct-14,897.25,899.05,907.30,894.15,1.68M,0.00
28-Oct-14,895.30,899.00,900.20,894.00,1.45M,0.00
29-Oct-14,891.55,900.20,902.50,890.00,1.97M,0.00
30-Oct-14,896.65,889.90,899.95,887.10,2.68M,0.01
31-Oct-14,911.85,900.10,914.60,897.35,2.53M,0.02
3-Nov-14,910.70,915.20,919.30,905.40,1.81M,0.00
5-Nov-14,912.80,915.05,920.30,910.25,1.88M,0.00
7-Nov-14,899.45,905.00,906.60,893.65,2.26M,0.01
10-Nov-14,904.65,899.50,908.35,893.00,1.60M,0.01
11-Nov-14,907.90,905.90,917.30,902.40,1.48M,0.00
12-Nov-14,911.75,911.00,919.90,904.15,2.26M,0.00
13-Nov-14,915.95,915.50,920.00,903.90,1.85M,0.00
14-Nov-14,930.10,918.20,933.00,911.75,2.11M,0.02
17-Nov-14,918.95,930.00,934.00,908.00,3.37M,0.01
18-Nov-14,932.20,921.00,935.00,912.00,2.30M,0.01
19-Nov-14,926.55,935.05,937.70,922.15,863.71K,0.01
20-Nov-14,918.20,927.95,927.95,912.10,1.19M,0.01
21-Nov-14,932.85,921.20,935.00,914.05,2.21M,0.02
24-Nov-14,945.20,932.35,950.00,928.10,1.83M,0.01
25-Nov-14,953.55,943.00,958.80,939.00,3.04M,0.01
26-Nov-14,951.30,939.80,959.90,933.30,2.24M,0.00
27-Nov-14,948.15,950.60,953.80,943.00,3.30M,0.00
28-Nov-14,957.15,948.00,965.90,947.00,2.31M,0.01
1-Dec-14,950.00,958.30,962.45,948.20,1.85M,0.01
2-Dec-14,943.30,941.75,949.60,939.20,1.13M,0.01
3-Dec-14,933.10,942.00,944.05,932.00,1.67M,0.01
4-Dec-14,941.40,940.00,944.25,932.00,1.71M,0.01
5-Dec-14,942.75,941.00,944.40,935.70,1.02M,0.00
8-Dec-14,927.15,945.00,945.00,925.00,1.01M,0.02
9-Dec-14,926.75,925.05,935.00,925.05,1.22M,0.00
10-Dec-14,931.40,926.10,935.00,925.30,1.39M,0.01
11-Dec-14,933.60,929.90,935.75,925.00,1.20M,0.00
12-Dec-14,931.50,933.00,936.20,929.00,1.15M,0.00
15-Dec-14,941.50,930.00,944.30,928.00,1.66M,0.01
16-Dec-14,925.75,937.55,942.00,917.00,1.25M,0.02
17-Dec-14,921.85,926.00,932.50,916.00,1.77M,0.00
18-Dec-14,934.05,932.60,936.50,922.05,1.62M,0.01
19-Dec-14,941.45,945.05,949.00,932.50,1.53M,0.01
22-Dec-14,963.70,954.00,966.10,942.50,2.07M,0.02
23-Dec-14,959.75,959.70,973.95,955.35,1.89M,0.00
24-Dec-14,945.25,957.90,964.80,941.10,4.17M,0.02
26-Dec-14,948.65,950.40,952.95,942.55,841.62K,0.00
29-Dec-14,951.70,950.10,956.00,948.30,903.70K,0.00
30-Dec-14,956.45,950.00,959.60,942.75,1.42M,0.01
31-Dec-14,951.60,956.00,957.30,949.75,1.25M,0.01
1-Jan-15,952.05,951.00,954.40,945.05,886.24K,0.00
2-Jan-15,965.30,950.40,969.30,950.40,1.48M,0.01
5-Jan-15,957.15,970.00,970.55,955.10,1.20M,0.01
6-Jan-15,942.25,954.00,956.55,937.55,2.05M,0.02
7-Jan-15,945.00,939.70,951.35,936.25,1.44M,0.00
8-Jan-15,964.85,954.25,968.95,948.20,2.38M,0.02
9-Jan-15,975.65,972.90,980.00,966.60,2.25M,0.01
12-Jan-15,967.05,969.40,974.40,964.50,1.03M,0.01
13-Jan-15,963.35,968.95,971.95,955.70,1.46M,0.00
14-Jan-15,963.90,960.05,974.65,959.70,921.31K,0.00
15-Jan-15,993.15,990.00,998.20,970.75,2.85M,0.03
16-Jan-15,1001.35,1002.20,1014.90,998.55,1.96M,0.01
19-Jan-15,1004.55,1013.25,1020.00,1002.95,1.06M,0.00
20-Jan-15,1020.95,1010.00,1027.00,1002.00,2.13M,0.02
21-Jan-15,1019.95,1027.40,1032.95,1018.35,1.69M,0.00
22-Jan-15,1021.25,1025.00,1032.50,1018.55,1.62M,0.00
23-Jan-15,1042.80,1030.00,1048.00,1024.40,2.50M,0.02
27-Jan-15,1074.05,1043.00,1077.75,1040.90,2.49M,0.03
28-Jan-15,1058.35,1070.00,1093.20,1055.00,2.84M,0.01
29-Jan-15,1095.00,1075.00,1100.60,1061.00,5.14M,0.03
30-Jan-15,1077.35,1094.55,1094.55,1064.25,2.64M,0.02
2-Feb-15,1081.60,1068.50,1093.00,1052.35,1.43M,0.00
3-Feb-15,1064.10,1078.50,1082.20,1055.30,2.55M,0.02
4-Feb-15,1067.70,1063.00,1080.80,1057.25,1.55M,0.00
5-Feb-15,1076.50,1075.00,1092.80,1070.35,2.01M,0.01
6-Feb-15,1053.50,1077.00,1078.95,1050.05,1.73M,0.02
9-Feb-15,1040.10,1047.00,1051.75,1034.50,1.31M,0.01
10-Feb-15,1054.45,1030.00,1062.30,1030.00,2.32M,0.01
11-Feb-15,1058.40,1058.00,1064.80,1053.00,1.04M,0.00
12-Feb-15,1076.00,1065.10,1081.90,1052.70,1.38M,0.02
13-Feb-15,1065.80,1081.20,1082.00,1063.60,1.93M,0.01
16-Feb-15,1067.55,1075.80,1085.00,1062.50,1.85M,0.00
18-Feb-15,1074.80,1067.55,1082.95,1057.05,1.35M,0.01
19-Feb-15,1079.80,1074.00,1084.90,1063.80,1.13M,0.00
20-Feb-15,1073.05,1083.00,1089.90,1068.50,1.55M,0.01
23-Feb-15,1067.50,1077.10,1081.55,1062.00,1.40M,0.01
24-Feb-15,1067.65,1070.30,1071.00,1057.10,1.46M,0.00
25-Feb-15,1052.45,1070.00,1074.80,1050.00,1.16M,0.01
26-Feb-15,1038.15,1053.65,1056.00,1035.10,3.11M,0.01
27-Feb-15,1054.00,1045.45,1058.55,1045.45,2.57M,0.02
28-Feb-15,1071.20,1063.00,1076.15,1045.00,2.90M,0.02
2-Mar-15,1082.55,1080.35,1099.00,1068.00,3.60M,0.01
3-Mar-15,1083.35,1086.45,1092.00,1077.05,1.51M,0.00
4-Mar-15,1065.30,1105.00,1109.30,1060.00,3.07M,0.02
5-Mar-15,1085.10,1065.00,1090.00,1062.50,2.43M,0.02
9-Mar-15,1059.00,1077.05,1081.80,1056.00,1.44M,0.02
10-Mar-15,1052.55,1062.00,1062.25,1045.00,1.28M,0.01
11-Mar-15,1056.45,1050.90,1061.90,1050.00,1.37M,0.00
12-Mar-15,1054.60,1060.10,1063.90,1051.10,1.88M,0.00
13-Mar-15,1042.65,1060.00,1064.00,1034.60,1.36M,0.01
16-Mar-15,1051.55,1045.00,1057.90,1042.50,1.34M,0.01
17-Mar-15,1058.05,1060.00,1065.90,1042.85,1.34M,0.01
18-Mar-15,1063.55,1060.15,1071.90,1053.20,1.29M,0.01
19-Mar-15,1052.20,1071.00,1073.80,1048.70,1.34M,0.01
20-Mar-15,1055.90,1051.00,1059.50,1045.95,1.62M,0.00
23-Mar-15,1047.75,1055.95,1059.40,1046.00,1.36M,0.01
24-Mar-15,1037.95,1043.30,1057.00,1035.45,2.24M,0.01
25-Mar-15,1034.25,1040.05,1046.70,1031.10,2.65M,0.00
26-Mar-15,1006.95,1026.90,1032.20,1002.10,8.95M,0.03
27-Mar-15,1014.65,1014.95,1023.55,1008.10,2.71M,0.01
30-Mar-15,1036.90,1020.00,1039.00,1012.80,1.74M,0.02
31-Mar-15,1022.70,1039.90,1039.90,1014.85,1.49M,0.01
1-Apr-15,1033.25,1026.10,1036.85,1013.00,961.05K,0.01
6-Apr-15,1031.95,1035.00,1036.85,1019.80,1.79M,0.00
7-Apr-15,1032.75,1033.25,1038.20,1023.65,1.55M,0.00
8-Apr-15,1035.55,1040.05,1042.45,1030.05,1.03M,0.00
9-Apr-15,1056.10,1038.25,1059.00,1030.00,1.75M,0.02
10-Apr-15,1042.65,1053.00,1053.00,1034.85,1.53M,0.01
13-Apr-15,1038.80,1040.00,1046.30,1034.80,1.14M,0.00
15-Apr-15,1031.65,1040.00,1048.70,1025.20,1.22M,0.01
16-Apr-15,1029.65,1028.00,1033.55,1018.00,1.40M,0.00
17-Apr-15,1018.25,1025.10,1027.85,1016.05,1.01M,0.01
20-Apr-15,1005.10,1020.00,1025.00,1002.60,1.30M,0.01
21-Apr-15,1003.00,1005.00,1014.40,995.60,1.63M,0.00
22-Apr-15,1013.10,1006.50,1021.00,993.50,1.69M,0.01
23-Apr-15,1013.50,1020.05,1024.20,1006.10,2.41M,0.00
24-Apr-15,1006.45,1018.90,1019.00,1000.35,1.80M,0.01
27-Apr-15,1005.45,1006.95,1012.50,996.00,1.84M,0.00
28-Apr-15,1004.55,999.55,1011.45,990.10,1.99M,0.00
29-Apr-15,993.15,1004.00,1009.50,988.00,1.97M,0.01
30-Apr-15,988.80,991.00,995.00,979.05,3.79M,0.00
4-May-15,1000.95,994.05,1009.50,992.00,785.36K,0.01
5-May-15,987.65,999.05,1003.90,985.85,1.28M,0.01
6-May-15,970.60,987.50,987.50,965.50,2.75M,0.02
7-May-15,951.30,968.00,970.00,944.20,2.93M,0.02
8-May-15,982.00,961.50,987.80,955.40,2.89M,0.03
11-May-15,990.30,986.05,992.75,974.05,1.68M,0.01
12-May-15,971.95,990.00,990.00,967.00,2.78M,0.02
13-May-15,990.25,975.85,993.40,971.60,1.95M,0.02
14-May-15,991.05,989.00,994.85,974.00,1.11M,0.00
15-May-15,990.10,994.90,997.55,984.20,2.04M,0.00
18-May-15,1009.85,996.00,1012.00,992.00,1.43M,0.02
19-May-15,1007.55,1006.35,1018.00,998.10,1.20M,0.00
20-May-15,1024.05,1009.65,1026.80,1009.55,1.00M,0.02
21-May-15,1024.70,1024.00,1030.00,1015.10,983.60K,0.00
22-May-15,1024.30,1024.70,1029.00,1018.35,1.17M,0.00
25-May-15,1023.55,1028.40,1031.00,1017.60,1.09M,0.00
26-May-15,1027.40,1024.45,1030.20,1018.05,1.23M,0.00
27-May-15,1038.15,1023.80,1040.00,1021.40,804.65K,0.01
28-May-15,1029.40,1039.05,1043.70,1022.20,2.39M,0.01
29-May-15,1050.55,1029.95,1054.00,1027.15,1.26M,0.02
1-Jun-15,1036.20,1048.95,1056.00,1031.00,960.33K,0.01
2-Jun-15,1008.80,1038.40,1040.30,1004.90,1.18M,0.03
3-Jun-15,1005.55,1009.00,1017.00,998.00,1.46M,0.00
4-Jun-15,1014.95,1008.85,1017.85,995.00,1.39M,0.01
5-Jun-15,1011.75,1010.25,1018.50,1002.50,1.69M,0.00
8-Jun-15,1003.45,1004.25,1012.25,995.55,953.00K,0.01
9-Jun-15,1001.85,1005.00,1006.00,997.10,1.51M,0.00
10-Jun-15,1015.60,998.00,1019.00,997.00,2.00M,0.01
11-Jun-15,1000.20,1017.60,1018.55,994.70,2.27M,0.02
12-Jun-15,1009.15,1001.00,1010.85,990.15,1.63M,0.01
15-Jun-15,1005.20,1002.00,1013.75,1000.00,1.50M,0.00
16-Jun-15,1008.40,1000.00,1010.45,997.05,1.50M,0.00
17-Jun-15,1004.70,1009.00,1013.50,999.50,2.42M,0.00
18-Jun-15,1019.60,1005.90,1023.80,1002.25,2.11M,0.01
19-Jun-15,1030.50,1024.80,1034.95,1013.15,935.58K,0.01
22-Jun-15,1047.15,1032.10,1056.90,1028.50,1.36M,0.02
23-Jun-15,1052.10,1052.00,1061.20,1042.50,1.41M,0.00
24-Jun-15,1045.80,1054.00,1057.80,1042.70,1.57M,0.01
25-Jun-15,1065.00,1048.25,1070.85,1042.65,4.14M,0.02
26-Jun-15,1062.85,1067.00,1070.95,1051.50,1.41M,0.00
29-Jun-15,1056.65,1044.90,1061.75,1030.50,1.62M,0.01
30-Jun-15,1067.15,1052.25,1072.00,1048.00,1.82M,0.01
1-Jul-15,1072.35,1061.35,1077.00,1060.05,1.24M,0.00
2-Jul-15,1058.20,1065.00,1067.70,1055.65,1.12M,0.01
3-Jul-15,1074.25,1054.05,1076.15,1054.05,1.01M,0.02
6-Jul-15,1083.50,1064.05,1085.00,1060.25,816.95K,0.01
7-Jul-15,1086.85,1078.50,1091.50,1078.50,1.04M,0.00
8-Jul-15,1068.85,1079.10,1080.60,1066.00,1.35M,0.02
9-Jul-15,1074.05,1062.70,1076.90,1060.10,699.49K,0.00
10-Jul-15,1090.75,1069.80,1095.00,1068.50,1.23M,0.02
13-Jul-15,1096.15,1085.00,1105.90,1085.00,1.77M,0.01
14-Jul-15,1091.85,1095.50,1101.90,1086.00,1.42M,0.00
15-Jul-15,1096.70,1093.00,1101.45,1090.80,962.35K,0.00
16-Jul-15,1114.70,1098.80,1119.00,1098.10,1.83M,0.02
17-Jul-15,1110.55,1119.40,1121.75,1105.60,877.75K,0.00
20-Jul-15,1115.25,1115.95,1119.00,1107.00,1.14M,0.00
21-Jul-15,1098.05,1116.55,1128.00,1093.10,2.76M,0.02
22-Jul-15,1114.40,1096.40,1117.05,1088.65,1.82M,0.01
23-Jul-15,1107.90,1112.90,1116.70,1100.10,1.27M,0.01
24-Jul-15,1107.85,1103.15,1115.00,1100.50,1.19M,0.00
27-Jul-15,1095.85,1103.90,1104.50,1070.00,832.14K,0.01
28-Jul-15,1108.50,1094.00,1113.90,1092.45,1.59M,0.01
29-Jul-15,1108.35,1105.10,1117.90,1105.05,985.76K,0.00
30-Jul-15,1110.55,1107.00,1117.00,1101.10,2.37M,0.00
31-Jul-15,1111.65,1115.60,1121.00,1103.00,1.41M,0.00
3-Aug-15,1095.40,1112.75,1117.50,1093.45,1.09M,0.01
4-Aug-15,1086.45,1098.10,1102.00,1081.95,1.35M,0.01
5-Aug-15,1092.20,1092.15,1097.70,1085.20,1.03M,0.01
6-Aug-15,1095.95,1091.90,1101.35,1085.45,935.93K,0.00
7-Aug-15,1092.65,1093.95,1097.50,1088.60,806.79K,0.00
10-Aug-15,1094.65,1095.00,1105.95,1088.00,988.59K,0.00
11-Aug-15,1094.70,1095.05,1098.85,1084.25,681.92K,0.00
12-Aug-15,1070.45,1088.40,1094.90,1067.70,1.50M,0.02
13-Aug-15,1077.55,1077.00,1082.70,1066.60,866.26K,0.01
14-Aug-15,1101.80,1083.10,1103.65,1079.90,900.42K,0.02
17-Aug-15,1091.50,1099.05,1101.80,1075.80,625.05K,0.01
18-Aug-15,1086.35,1091.60,1096.10,1078.45,464.33K,0.00
19-Aug-15,1081.85,1084.85,1087.00,1075.00,751.14K,0.00
20-Aug-15,1074.70,1068.00,1084.75,1068.00,761.21K,0.01
21-Aug-15,1061.30,1064.00,1072.95,1051.00,1.94M,0.01
24-Aug-15,1019.05,1044.70,1044.70,1011.25,3.67M,0.04
25-Aug-15,1018.45,1024.70,1032.30,1005.70,3.09M,0.00
26-Aug-15,1013.50,1017.40,1029.00,1009.00,1.39M,0.00
27-Aug-15,1022.10,1025.00,1034.45,1009.10,3.47M,0.01
28-Aug-15,1027.95,1031.05,1042.75,1019.40,1.39M,0.01
31-Aug-15,1027.45,1021.10,1032.90,1015.55,860.37K,0.00
1-Sep-15,1000.10,1021.30,1021.30,993.00,2.62M,0.03
2-Sep-15,995.15,1005.10,1013.95,985.00,2.17M,0.00
3-Sep-15,1010.30,1002.30,1015.00,999.00,1.63M,0.02
4-Sep-15,996.05,1002.20,1006.00,980.00,2.85M,0.01
7-Sep-15,984.45,1001.00,1009.80,980.00,1.35M,0.01
8-Sep-15,1004.05,986.70,1010.00,977.00,1.86M,0.02
9-Sep-15,1016.30,1014.50,1025.00,1005.00,1.64M,0.01
10-Sep-15,1011.00,1003.00,1016.95,996.30,1.12M,0.01
11-Sep-15,1010.50,1014.50,1020.00,1006.80,1.08M,0.00
14-Sep-15,1019.70,1008.85,1022.30,1003.50,1.27M,0.01
15-Sep-15,1013.15,1017.95,1019.65,1008.10,1.08M,0.01
16-Sep-15,1023.35,1018.90,1028.10,1011.55,1.06M,0.01
18-Sep-15,1049.75,1035.00,1062.00,1031.15,1.96M,0.03
21-Sep-15,1052.95,1037.95,1055.00,1036.35,1.07M,0.00
22-Sep-15,1030.65,1050.05,1060.00,1025.30,1.51M,0.02
23-Sep-15,1049.20,1019.20,1053.45,1018.65,1.29M,0.02
24-Sep-15,1051.40,1047.00,1054.00,1036.00,2.06M,0.00
28-Sep-15,1046.40,1055.00,1060.00,1043.10,1.44M,0.00
29-Sep-15,1064.80,1032.00,1073.90,1025.10,2.60M,0.02
30-Sep-15,1068.80,1068.00,1073.00,1061.35,2.26M,0.00
1-Oct-15,1067.65,1075.20,1076.90,1059.35,1.26M,0.00
5-Oct-15,1098.35,1077.20,1104.80,1077.20,2.01M,0.03
6-Oct-15,1085.95,1107.00,1107.90,1083.00,1.19M,0.01
7-Oct-15,1087.75,1088.00,1098.35,1083.35,1.10M,0.00
8-Oct-15,1083.10,1088.10,1090.70,1075.40,970.48K,0.00
9-Oct-15,1086.15,1095.00,1095.00,1080.20,860.81K,0.00
12-Oct-15,1080.55,1087.70,1095.50,1077.80,554.34K,0.01
13-Oct-15,1076.35,1075.55,1082.15,1073.20,455.91K,0.00
14-Oct-15,1084.75,1068.80,1086.50,1067.05,687.29K,0.01
15-Oct-15,1084.15,1085.70,1096.50,1081.00,981.49K,0.00
16-Oct-15,1100.05,1090.00,1101.50,1085.00,1.21M,0.01
19-Oct-15,1097.80,1100.00,1102.10,1094.30,663.56K,0.00
20-Oct-15,1094.90,1098.00,1102.90,1091.20,962.84K,0.00
21-Oct-15,1095.00,1098.90,1104.00,1085.00,1.82M,0.00
23-Oct-15,1108.50,1099.45,1113.70,1096.00,1.12M,0.01
26-Oct-15,1101.50,1113.95,1114.20,1097.00,1.22M,0.01
27-Oct-15,1110.90,1095.55,1114.00,1095.55,2.25M,0.01
28-Oct-15,1111.50,1105.05,1124.00,1105.05,1.92M,0.00
29-Oct-15,1103.55,1110.00,1114.50,1100.00,1.68M,0.01
30-Oct-15,1099.60,1102.00,1112.00,1090.45,2.02M,0.00
2-Nov-15,1083.10,1095.05,1095.90,1076.50,789.14K,0.02
3-Nov-15,1084.90,1090.95,1092.00,1079.20,637.15K,0.00
4-Nov-15,1081.70,1090.05,1098.10,1078.25,674.11K,0.00
5-Nov-15,1079.85,1078.50,1083.00,1069.50,899.24K,0.00
6-Nov-15,1080.90,1080.70,1089.00,1075.25,1.47M,0.00
9-Nov-15,1064.80,1058.00,1069.65,1051.00,2.86M,0.01
10-Nov-15,1054.60,1060.05,1065.00,1052.45,1.10M,0.01
11-Nov-15,1054.40,1055.00,1060.00,1052.45,243.87K,0.00
13-Nov-15,1052.05,1049.40,1055.00,1041.00,985.01K,0.00
16-Nov-15,1060.95,1048.75,1065.00,1045.25,1.18M,0.01
17-Nov-15,1060.80,1063.30,1063.80,1051.20,641.85K,0.00
18-Nov-15,1048.60,1061.70,1065.85,1046.30,611.68K,0.01
19-Nov-15,1068.90,1055.00,1070.95,1049.60,819.42K,0.02
20-Nov-15,1070.85,1064.90,1080.25,1060.00,1.16M,0.00
23-Nov-15,1066.05,1074.00,1075.50,1059.05,852.07K,0.00
24-Nov-15,1064.35,1065.25,1073.50,1062.10,1.00M,0.00
26-Nov-15,1063.95,1059.00,1067.00,1051.10,2.20M,0.00
27-Nov-15,1079.40,1064.85,1082.20,1060.95,1.73M,0.01
30-Nov-15,1077.75,1079.20,1081.00,1069.70,1.31M,0.00
1-Dec-15,1083.00,1077.05,1084.90,1073.50,473.83K,0.00
2-Dec-15,1077.80,1090.00,1092.70,1071.85,640.57K,0.00
3-Dec-15,1076.75,1072.50,1081.00,1067.30,951.93K,0.00
4-Dec-15,1058.90,1073.60,1073.60,1056.00,1.46M,0.02
7-Dec-15,1061.95,1068.20,1071.10,1061.10,1.45M,0.00
8-Dec-15,1049.25,1061.00,1061.90,1047.00,1.23M,0.01
9-Dec-15,1047.45,1047.10,1057.00,1044.85,972.65K,0.00
10-Dec-15,1060.60,1045.00,1063.20,1042.30,1.63M,0.01
11-Dec-15,1046.35,1060.00,1060.60,1042.00,758.48K,0.01
14-Dec-15,1055.05,1041.00,1059.85,1040.10,1.47M,0.01
15-Dec-15,1059.45,1053.00,1062.45,1045.30,1.14M,0.00
16-Dec-15,1067.30,1063.00,1073.35,1059.35,1.71M,0.01
17-Dec-15,1080.25,1073.90,1084.00,1065.00,1.22M,0.01
18-Dec-15,1073.00,1085.00,1085.00,1068.50,793.03K,0.01
21-Dec-15,1075.40,1071.75,1079.90,1069.05,774.38K,0.00
22-Dec-15,1066.45,1074.50,1076.50,1064.00,607.38K,0.01
23-Dec-15,1074.10,1072.60,1077.95,1069.15,753.49K,0.01
24-Dec-15,1074.00,1076.20,1076.40,1068.30,536.59K,0.00
28-Dec-15,1077.25,1074.00,1079.90,1067.75,1.94M,0.00
29-Dec-15,1077.95,1078.95,1079.85,1071.30,1.06M,0.00
30-Dec-15,1074.30,1080.00,1081.95,1072.55,528.14K,0.00
31-Dec-15,1082.15,1075.00,1084.90,1075.00,2.32M,0.01
1-Jan-16,1088.75,1082.40,1090.25,1076.15,798.77K,0.01
4-Jan-16,1070.50,1084.00,1084.00,1068.10,1.30M,0.02
5-Jan-16,1062.40,1070.20,1074.80,1061.35,790.22K,0.01
6-Jan-16,1067.10,1056.65,1076.75,1056.65,1.04M,0.00
7-Jan-16,1056.20,1060.10,1064.90,1049.70,1.51M,0.01
8-Jan-16,1062.35,1061.95,1064.50,1057.25,872.09K,0.01
11-Jan-16,1058.60,1052.05,1061.00,1045.30,822.23K,0.00
12-Jan-16,1046.95,1063.90,1063.90,1043.50,1.06M,0.01
13-Jan-16,1060.15,1052.00,1062.75,1037.00,1.13M,0.01
14-Jan-16,1049.75,1050.15,1057.40,1039.50,1.57M,0.01
15-Jan-16,1042.15,1048.00,1055.45,1038.10,1.35M,0.01
18-Jan-16,1025.85,1035.65,1041.45,1021.00,1.62M,0.02
19-Jan-16,1035.80,1027.20,1037.55,1026.30,1.60M,0.01
20-Jan-16,1018.30,1025.00,1108.00,1007.90,2.39M,0.02
21-Jan-16,1023.00,1021.00,1033.25,1013.40,1.58M,0.00
22-Jan-16,1030.30,1025.70,1044.25,1022.05,1.06M,0.01
25-Jan-16,1041.15,1039.95,1046.70,1033.05,2.54M,0.01
27-Jan-16,1035.65,1048.45,1048.70,1033.00,1.01M,0.01
28-Jan-16,1031.70,1039.00,1046.90,1030.00,2.49M,0.00
29-Jan-16,1049.85,1035.20,1054.95,1035.20,1.34M,0.02
1-Feb-16,1059.75,1058.00,1067.00,1053.70,1.15M,0.01
2-Feb-16,1053.80,1065.00,1065.25,1050.20,1.63M,0.01
3-Feb-16,1043.85,1044.50,1051.40,1042.00,1.21M,0.01
4-Feb-16,1049.20,1048.00,1054.90,1045.55,1.42M,0.01
5-Feb-16,1055.25,1052.80,1063.80,1045.60,1.88M,0.01
8-Feb-16,1035.85,1055.00,1058.00,1030.30,870.48K,0.02
9-Feb-16,1026.05,1026.70,1031.55,1020.65,1.38M,0.01
10-Feb-16,1012.95,1023.90,1030.15,1010.10,1.92M,0.01
11-Feb-16,975.30,1010.00,1013.00,968.20,2.20M,0.04
12-Feb-16,971.40,979.00,986.45,966.00,3.14M,0.00
15-Feb-16,973.60,980.00,988.25,971.10,2.73M,0.00
16-Feb-16,973.45,981.50,982.00,962.00,1.78M,0.00
17-Feb-16,974.90,976.90,979.90,959.00,1.88M,0.00
18-Feb-16,989.45,986.00,991.25,977.00,1.70M,0.01
19-Feb-16,989.30,988.75,992.60,973.50,832.17K,0.00
22-Feb-16,988.75,983.00,996.00,983.00,1.00M,0.00
23-Feb-16,970.05,984.90,985.50,966.00,1.52M,0.02
24-Feb-16,949.60,960.00,962.90,946.40,1.62M,0.02
25-Feb-16,942.65,954.00,957.25,938.20,2.12M,0.01
26-Feb-16,961.00,950.00,971.00,945.00,1.55M,0.02
29-Feb-16,971.85,961.10,982.60,928.00,2.20M,0.01
1-Mar-16,984.15,974.95,986.75,971.85,1.08M,0.01
2-Mar-16,1007.20,998.00,1010.90,995.00,1.59M,0.02
3-Mar-16,1015.85,1010.75,1020.00,1010.00,1.15M,0.01
4-Mar-16,1020.55,1015.45,1024.90,993.10,1.43M,0.00
8-Mar-16,1014.15,1024.00,1024.00,1009.50,478.42K,0.01
9-Mar-16,1024.80,1013.00,1029.90,1006.75,1.63M,0.01
10-Mar-16,1021.25,1024.80,1025.75,1010.10,667.85K,0.00
11-Mar-16,1028.70,1019.90,1030.80,1013.00,1.18M,0.01
14-Mar-16,1027.55,1028.00,1037.95,1025.25,752.16K,0.00
15-Mar-16,1026.70,1027.90,1033.40,1021.65,1.92M,0.00
16-Mar-16,1030.45,1027.00,1034.25,1018.95,1.20M,0.00
17-Mar-16,1018.40,1034.95,1039.00,1011.15,1.28M,0.01
18-Mar-16,1028.40,1022.95,1032.00,1015.35,1.03M,0.01
21-Mar-16,1045.60,1033.00,1047.35,1032.25,1.33M,0.02
22-Mar-16,1053.85,1046.50,1056.60,1040.70,1.03M,0.01
23-Mar-16,1049.35,1053.05,1053.05,1040.55,2.12M,0.00
28-Mar-16,1047.50,1045.00,1053.00,1041.65,2.82M,0.00
29-Mar-16,1053.80,1047.50,1059.50,1044.25,1.68M,0.01
30-Mar-16,1064.95,1058.00,1069.90,1053.90,1.95M,0.01
31-Mar-16,1071.15,1066.85,1078.90,1065.05,5.02M,0.01
1-Apr-16,1064.45,1068.80,1076.40,1056.80,1.29M,0.01
4-Apr-16,1069.05,1065.20,1072.80,1064.00,1.54M,0.00
5-Apr-16,1057.45,1069.00,1076.90,1055.65,1.67M,0.01
6-Apr-16,1061.50,1061.00,1066.95,1056.75,1.07M,0.00
7-Apr-16,1055.50,1064.00,1064.75,1047.05,977.92K,0.01
8-Apr-16,1059.35,1055.00,1063.35,1054.25,740.70K,0.00
11-Apr-16,1070.95,1060.30,1074.10,1042.85,1.01M,0.01
12-Apr-16,1063.00,1069.60,1071.00,1059.25,1.24M,0.01
13-Apr-16,1081.75,1072.00,1084.95,1069.50,1.24M,0.02
18-Apr-16,1087.80,1083.50,1092.00,1071.60,1.03M,0.01
20-Apr-16,1097.85,1091.90,1100.00,1083.55,955.34K,0.01
21-Apr-16,1091.15,1095.00,1105.15,1089.00,2.05M,0.01
22-Apr-16,1092.15,1089.50,1100.85,1085.20,1.95M,0.00
25-Apr-16,1093.25,1100.00,1100.00,1084.50,1.39M,0.00
26-Apr-16,1113.85,1095.00,1115.00,1092.50,1.76M,0.02
27-Apr-16,1124.20,1109.85,1125.00,1109.00,1.44M,0.01
28-Apr-16,1113.95,1124.20,1136.70,1110.35,2.02M,0.01
29-Apr-16,1132.35,1113.80,1136.00,1106.20,1.40M,0.02
2-May-16,1117.65,1127.75,1130.00,1116.00,965.68K,0.01
3-May-16,1118.00,1121.90,1135.00,1113.15,1.17M,0.00
4-May-16,1127.35,1117.50,1134.50,1114.25,1.32M,0.01
5-May-16,1132.30,1128.00,1134.75,1122.70,1.30M,0.00
6-May-16,1119.65,1132.00,1132.25,1117.25,683.29K,0.01
9-May-16,1141.40,1120.00,1144.95,1119.00,1.74M,0.02
10-May-16,1144.90,1143.50,1147.50,1136.10,1.36M,0.00
11-May-16,1138.80,1134.70,1145.00,1129.70,1.54M,0.01
12-May-16,1149.10,1144.00,1152.00,1132.50,1.06M,0.01
13-May-16,1140.90,1148.00,1148.00,1130.00,1.26M,0.01
16-May-16,1162.80,1145.00,1165.90,1132.55,1.13M,0.02
17-May-16,1153.45,1165.05,1169.25,1151.30,1.07M,0.01
18-May-16,1140.65,1151.00,1151.00,1131.50,1.04M,0.01
19-May-16,1139.30,1140.10,1142.70,1132.00,963.95K,0.00
20-May-16,1140.90,1139.95,1148.50,1133.60,504.16K,0.00
23-May-16,1136.75,1141.95,1149.95,1133.20,865.88K,0.00
24-May-16,1139.95,1138.40,1143.65,1135.55,814.87K,0.00
25-May-16,1173.30,1146.30,1175.95,1146.30,1.44M,0.03
26-May-16,1183.25,1176.10,1188.90,1166.25,3.43M,0.01
27-May-16,1186.80,1183.25,1190.00,1176.70,1.44M,0.00
30-May-16,1179.75,1187.00,1195.00,1178.10,953.63K,0.01
31-May-16,1181.90,1185.90,1185.90,1177.40,1.38M,0.00
1-Jun-16,1175.15,1182.95,1182.95,1171.00,1.42M,0.01
2-Jun-16,1174.95,1174.70,1180.60,1171.00,1.98M,0.00
3-Jun-16,1171.75,1180.10,1185.00,1169.05,1.13M,0.00
6-Jun-16,1171.10,1176.00,1182.40,1170.05,1.39M,0.00
7-Jun-16,1173.70,1176.95,1180.00,1167.65,1.41M,0.00
8-Jun-16,1162.60,1175.80,1178.00,1161.00,1.19M,0.01
9-Jun-16,1159.40,1162.50,1164.20,1152.50,1.16M,0.00
10-Jun-16,1161.35,1158.40,1172.70,1156.20,1.58M,0.00
13-Jun-16,1152.90,1154.75,1164.95,1151.05,830.81K,0.01
14-Jun-16,1151.85,1155.00,1157.00,1144.25,957.19K,0.00
15-Jun-16,1169.55,1155.00,1170.90,1153.20,761.46K,0.02
16-Jun-16,1162.15,1166.55,1168.85,1155.35,1.18M,0.01
17-Jun-16,1170.00,1167.00,1178.00,1165.55,940.41K,0.01
20-Jun-16,1172.05,1159.00,1179.25,1158.80,685.69K,0.00
21-Jun-16,1166.65,1175.00,1175.45,1161.20,667.74K,0.00
22-Jun-16,1171.50,1166.00,1175.00,1166.00,950.96K,0.00
23-Jun-16,1190.10,1169.80,1191.85,1167.50,981.68K,0.02
24-Jun-16,1161.90,1159.85,1171.90,1147.00,2.79M,0.02
27-Jun-16,1159.95,1162.00,1169.00,1153.05,1.04M,0.00
28-Jun-16,1166.95,1161.25,1173.10,1150.00,1.01M,0.01
29-Jun-16,1168.30,1165.00,1169.50,1159.70,1.36M,0.00
30-Jun-16,1176.45,1171.00,1180.00,1162.15,4.07M,0.01
1-Jul-16,1174.50,1180.00,1185.00,1171.80,1.08M,0.00
4-Jul-16,1172.80,1178.20,1179.50,1171.40,1.81M,0.00
5-Jul-16,1165.60,1172.80,1174.30,1162.00,534.08K,0.01
7-Jul-16,1185.65,1167.90,1188.75,1160.90,1.21M,0.02
8-Jul-16,1174.85,1185.10,1185.60,1171.25,779.72K,0.01
11-Jul-16,1199.75,1186.00,1201.90,1181.05,1.28M,0.02
12-Jul-16,1202.15,1209.90,1209.90,1195.55,1.76M,0.00
13-Jul-16,1197.75,1199.80,1201.95,1193.30,1.67M,0.00
14-Jul-16,1200.35,1201.00,1202.15,1192.20,864.92K,0.00
15-Jul-16,1223.70,1203.80,1226.00,1195.10,1.44M,0.02
18-Jul-16,1227.45,1225.00,1238.50,1222.65,1.11M,0.00
19-Jul-16,1218.35,1229.00,1230.75,1213.85,646.50K,0.01
20-Jul-16,1232.20,1223.00,1238.50,1221.75,1.17M,0.01
21-Jul-16,1228.60,1230.70,1239.90,1222.50,2.28M,0.00
22-Jul-16,1230.80,1233.35,1234.65,1221.50,1.41M,0.00
25-Jul-16,1246.95,1233.00,1249.45,1227.00,2.47M,0.01
26-Jul-16,1238.80,1242.40,1245.65,1235.15,1.42M,0.01
27-Jul-16,1236.95,1241.00,1247.55,1230.00,2.68M,0.00
28-Jul-16,1248.45,1238.00,1251.25,1235.55,2.66M,0.01
29-Jul-16,1246.20,1248.00,1250.00,1235.00,848.92K,0.00
1-Aug-16,1242.30,1249.00,1258.95,1227.65,1.39M,0.00
2-Aug-16,1243.30,1247.00,1256.45,1240.40,1.33M,0.00
3-Aug-16,1240.45,1241.10,1249.95,1231.00,1.18M,0.00
4-Aug-16,1241.00,1246.60,1246.70,1233.60,1.17M,0.00
5-Aug-16,1249.25,1247.40,1255.65,1241.75,1.45M,0.01
8-Aug-16,1249.60,1252.90,1255.00,1244.55,1.18M,0.00
9-Aug-16,1247.20,1252.90,1252.90,1237.70,1.05M,0.00
10-Aug-16,1226.90,1245.00,1250.95,1219.75,904.93K,0.02
11-Aug-16,1228.25,1226.80,1235.00,1222.00,714.02K,0.00
12-Aug-16,1228.70,1231.05,1235.00,1219.40,1.16M,0.00
16-Aug-16,1227.30,1233.00,1238.45,1213.80,867.14K,0.00
17-Aug-16,1234.90,1233.40,1237.50,1226.00,1.38M,0.01
18-Aug-16,1252.50,1238.00,1254.90,1234.55,1.53M,0.01
19-Aug-16,1247.10,1250.00,1250.00,1241.45,1.03M,0.00
22-Aug-16,1250.30,1245.05,1254.45,1241.00,1.38M,0.00
23-Aug-16,1251.45,1251.00,1254.00,1246.05,1.33M,0.00
24-Aug-16,1261.80,1252.05,1264.20,1247.05,1.39M,0.01
25-Aug-16,1258.55,1264.00,1266.80,1254.30,2.18M,0.00
26-Aug-16,1257.10,1260.00,1261.90,1253.90,630.28K,0.00
29-Aug-16,1238.10,1255.50,1255.50,1236.20,736.05K,0.02
30-Aug-16,1268.65,1245.10,1270.50,1243.95,2.47M,0.02
31-Aug-16,1291.20,1269.00,1295.00,1265.50,2.79M,0.02
1-Sep-16,1283.70,1288.00,1290.00,1275.40,1.31M,0.01
2-Sep-16,1285.10,1285.50,1289.00,1281.15,988.80K,0.00
6-Sep-16,1300.40,1290.05,1303.90,1290.05,1.38M,0.01
7-Sep-16,1286.75,1301.00,1305.00,1283.10,1.00M,0.01
8-Sep-16,1289.40,1290.00,1295.25,1283.60,726.35K,0.00
9-Sep-16,1290.40,1290.00,1294.50,1278.30,1.00M,0.00
12-Sep-16,1279.90,1274.70,1284.40,1271.50,996.43K,0.01
14-Sep-16,1269.45,1275.00,1277.00,1265.40,962.38K,0.01
15-Sep-16,1279.60,1272.00,1283.90,1269.85,875.45K,0.01
16-Sep-16,1297.85,1283.80,1304.50,1283.80,1.63M,0.01
19-Sep-16,1290.15,1297.00,1302.50,1288.00,1.47M,0.01
20-Sep-16,1288.45,1292.65,1295.00,1284.05,944.56K,0.00
21-Sep-16,1293.00,1292.00,1298.00,1287.90,1.06M,0.00
22-Sep-16,1306.90,1305.00,1316.95,1300.55,1.64M,0.01
23-Sep-16,1312.70,1306.05,1318.45,1301.50,1.22M,0.00
26-Sep-16,1296.15,1306.10,1308.90,1293.70,1.39M,0.01
27-Sep-16,1298.05,1299.00,1306.15,1294.85,1.01M,0.00
28-Sep-16,1295.25,1299.90,1300.00,1289.00,1.25M,0.00
29-Sep-16,1277.50,1297.95,1306.00,1267.95,4.11M,0.01
30-Sep-16,1272.85,1277.10,1281.00,1267.40,1.03M,0.00
3-Oct-16,1287.20,1281.00,1289.90,1276.40,975.14K,0.01
4-Oct-16,1289.55,1288.60,1295.00,1282.30,693.88K,0.00
5-Oct-16,1286.10,1298.00,1300.05,1276.40,911.76K,0.00
6-Oct-16,1281.95,1287.10,1295.60,1279.05,723.93K,0.00
7-Oct-16,1280.60,1284.00,1287.75,1276.25,834.37K,0.00
10-Oct-16,1284.35,1285.00,1287.90,1278.75,1.18M,0.00
13-Oct-16,1262.75,1279.00,1279.00,1256.45,1.13M,0.02
14-Oct-16,1261.80,1265.75,1268.00,1254.00,1.02M,0.00
17-Oct-16,1237.70,1265.50,1266.40,1232.75,1.28M,0.02
18-Oct-16,1257.85,1243.20,1260.00,1239.00,652.74K,0.02
19-Oct-16,1258.35,1261.10,1263.00,1248.00,761.23K,0.00
20-Oct-16,1255.50,1260.25,1267.45,1251.00,800.09K,0.00
21-Oct-16,1270.70,1256.00,1272.95,1250.00,989.10K,0.01
24-Oct-16,1263.55,1271.75,1276.85,1261.05,813.92K,0.01
25-Oct-16,1250.30,1268.00,1268.00,1244.05,1.38M,0.01
26-Oct-16,1239.30,1243.35,1265.00,1235.05,1.34M,0.01
27-Oct-16,1252.10,1239.00,1257.00,1224.15,2.91M,0.01
28-Oct-16,1259.05,1254.50,1261.90,1240.10,1.33M,0.01
30-Oct-16,1251.85,1262.00,1262.00,1251.10,191.37K,0.01
1-Nov-16,1259.80,1256.00,1263.85,1247.05,850.60K,0.01
2-Nov-16,1246.15,1251.10,1255.70,1241.50,1.62M,0.01
3-Nov-16,1254.95,1245.00,1260.00,1231.75,1.58M,0.01
4-Nov-16,1243.70,1252.80,1252.80,1241.75,1.43M,0.01
7-Nov-16,1249.45,1252.00,1254.85,1240.00,1.42M,0.00
8-Nov-16,1254.30,1251.10,1258.00,1240.10,1.34M,0.00
9-Nov-16,1251.25,1200.00,1257.40,1195.35,3.41M,0.00
10-Nov-16,1278.55,1263.75,1283.00,1254.10,2.68M,0.02
11-Nov-16,1275.80,1274.00,1282.00,1265.60,1.78M,0.00
15-Nov-16,1254.75,1277.50,1289.00,1250.65,3.13M,0.02
16-Nov-16,1244.35,1268.00,1268.00,1240.05,2.16M,0.01
17-Nov-16,1230.20,1238.30,1248.90,1225.15,1.20M,0.01
18-Nov-16,1211.40,1236.00,1236.00,1209.20,1.72M,0.02
21-Nov-16,1198.70,1219.50,1219.50,1188.35,1.39M,0.01
22-Nov-16,1198.05,1206.80,1206.80,1189.35,2.50M,0.00
23-Nov-16,1184.75,1203.00,1203.00,1181.10,883.17K,0.01
24-Nov-16,1165.50,1184.00,1186.30,1160.90,3.82M,0.02
25-Nov-16,1189.30,1169.00,1193.20,1158.00,1.49M,0.02
28-Nov-16,1184.45,1180.25,1198.90,1178.10,1.03M,0.00
29-Nov-16,1178.75,1184.70,1192.95,1176.50,983.16K,0.00
30-Nov-16,1199.60,1185.00,1202.00,1181.10,1.61M,0.02
1-Dec-16,1197.25,1202.30,1207.90,1193.00,1.12M,0.00
2-Dec-16,1189.10,1189.00,1201.95,1176.70,1.02M,0.01
5-Dec-16,1196.35,1187.60,1198.95,1176.50,1.14M,0.01
6-Dec-16,1194.45,1195.00,1202.85,1190.20,675.74K,0.00
7-Dec-16,1181.60,1201.85,1205.90,1167.00,1.41M,0.01
8-Dec-16,1199.50,1187.00,1205.55,1187.00,1.08M,0.02
9-Dec-16,1198.30,1199.10,1202.30,1188.00,1.10M,0.00
12-Dec-16,1184.45,1192.00,1192.15,1181.10,856.32K,0.01
13-Dec-16,1186.25,1180.25,1190.35,1178.55,631.72K,0.00
14-Dec-16,1175.70,1187.00,1188.00,1173.40,1.08M,0.01
15-Dec-16,1176.60,1164.20,1194.50,1163.60,1.24M,0.00
16-Dec-16,1182.30,1176.60,1185.00,1171.55,813.96K,0.00
19-Dec-16,1176.75,1176.80,1179.50,1170.50,790.11K,0.00
20-Dec-16,1181.90,1176.00,1185.00,1171.70,1.05M,0.00
21-Dec-16,1180.00,1184.00,1185.00,1175.00,664.72K,0.00
22-Dec-16,1173.10,1176.40,1179.50,1168.40,701.43K,0.01
23-Dec-16,1186.25,1171.00,1189.25,1169.30,1.19M,0.01
26-Dec-16,1175.00,1178.55,1186.10,1170.10,1.05M,0.01
27-Dec-16,1185.20,1179.30,1186.90,1173.90,1.22M,0.01
28-Dec-16,1186.75,1189.90,1194.95,1181.00,1.63M,0.00
29-Dec-16,1205.20,1185.00,1207.95,1181.45,2.03M,0.02
30-Dec-16,1206.20,1200.00,1212.00,1199.95,1.02M,0.00
2-Jan-17,1197.10,1209.45,1210.10,1192.05,927.16K,0.01
3-Jan-17,1189.90,1200.80,1201.95,1185.75,961.88K,0.01
4-Jan-17,1185.50,1189.85,1192.00,1183.80,1.74M,0.00
5-Jan-17,1186.20,1189.00,1194.50,1183.10,1.69M,0.00
6-Jan-17,1193.65,1190.10,1198.40,1188.20,1.38M,0.01
9-Jan-17,1195.20,1198.85,1204.15,1192.15,1.14M,0.00
10-Jan-17,1214.35,1196.20,1216.80,1195.30,1.39M,0.02
11-Jan-17,1234.00,1217.50,1238.10,1215.50,2.34M,0.02
12-Jan-17,1235.00,1235.00,1243.70,1225.50,729.08K,0.00
13-Jan-17,1232.50,1239.00,1239.70,1228.60,962.60K,0.00
16-Jan-17,1247.65,1233.50,1249.45,1232.80,941.47K,0.01
17-Jan-17,1238.50,1247.00,1252.40,1236.25,889.90K,0.01
18-Jan-17,1242.60,1240.90,1256.00,1240.85,1.15M,0.00
19-Jan-17,1236.30,1244.90,1244.90,1235.00,878.10K,0.01
20-Jan-17,1236.35,1236.00,1245.00,1230.00,3.49M,0.00
23-Jan-17,1244.65,1236.00,1250.00,1235.80,1.20M,0.01
24-Jan-17,1267.55,1250.00,1271.50,1249.25,2.57M,0.02
25-Jan-17,1290.60,1272.60,1295.60,1270.10,3.91M,0.02
27-Jan-17,1291.90,1299.00,1300.00,1288.00,1.71M,0.00
30-Jan-17,1284.95,1292.95,1292.95,1280.55,1.33M,0.01
31-Jan-17,1286.65,1282.40,1292.70,1277.00,1.53M,0.00
1-Feb-17,1305.70,1286.20,1310.00,1280.50,2.73M,0.01
2-Feb-17,1298.70,1305.70,1305.70,1292.60,1.49M,0.01
3-Feb-17,1311.05,1299.00,1316.00,1296.50,2.00M,0.01
6-Feb-17,1314.10,1312.30,1320.00,1311.45,1.08M,0.00
7-Feb-17,1307.15,1316.00,1318.00,1302.95,852.98K,0.01
8-Feb-17,1305.65,1307.55,1318.70,1298.15,1.24M,0.00
9-Feb-17,1297.65,1309.40,1319.90,1292.55,1.12M,0.01
10-Feb-17,1303.60,1298.35,1308.75,1298.00,824.18K,0.00
13-Feb-17,1310.20,1307.55,1315.00,1299.20,698.95K,0.01
14-Feb-17,1311.10,1314.00,1314.00,1304.00,611.52K,0.00
15-Feb-17,1322.20,1312.00,1324.00,1307.45,1.53M,0.01
16-Feb-17,1327.90,1323.00,1333.00,1320.25,1.26M,0.00
17-Feb-17,1377.05,1445.00,1454.00,1360.45,100.56M,0.04
20-Feb-17,1409.10,1361.20,1415.45,1359.15,2.64M,0.02
21-Feb-17,1415.55,1406.05,1421.80,1397.40,1.57M,0.00
22-Feb-17,1399.15,1415.00,1418.80,1394.85,1.32M,0.01
23-Feb-17,1394.30,1403.80,1421.35,1387.05,8.62M,0.00
27-Feb-17,1393.60,1390.90,1398.35,1378.60,1.17M,0.00
28-Feb-17,1390.10,1392.90,1396.25,1384.50,732.00K,0.00
1-Mar-17,1391.65,1396.45,1396.50,1386.40,870.43K,0.00
2-Mar-17,1380.10,1394.55,1396.00,1376.25,1.15M,0.01
3-Mar-17,1377.00,1384.50,1384.50,1369.00,623.21K,0.00
6-Mar-17,1380.75,1376.80,1389.90,1373.10,919.78K,0.00
7-Mar-17,1386.20,1382.25,1387.50,1376.20,778.22K,0.00
8-Mar-17,1392.20,1387.90,1399.20,1381.05,945.54K,0.00
9-Mar-17,1394.20,1381.65,1398.70,1381.65,877.33K,0.00
10-Mar-17,1400.10,1395.00,1408.00,1393.15,1.47M,0.00
14-Mar-17,1410.70,1422.10,1424.15,1406.65,1.79M,0.01
15-Mar-17,1416.60,1410.95,1420.00,1410.55,1.07M,0.00
16-Mar-17,1417.35,1418.10,1422.85,1413.65,1.25M,0.00
17-Mar-17,1425.85,1418.55,1427.50,1412.85,847.62K,0.01
20-Mar-17,1436.10,1426.65,1439.85,1425.95,2.04M,0.01
21-Mar-17,1440.95,1434.00,1445.00,1434.00,1.39M,0.00
22-Mar-17,1430.90,1427.70,1437.00,1425.80,1.41M,0.01
23-Mar-17,1430.90,1434.40,1435.00,1422.90,1.23M,0.00
24-Mar-17,1424.35,1433.00,1434.45,1422.00,952.59K,0.00
27-Mar-17,1409.85,1424.00,1424.00,1404.05,1.47M,0.01
28-Mar-17,1420.20,1418.30,1424.70,1413.10,2.02M,0.01
29-Mar-17,1428.60,1420.80,1434.80,1420.00,2.14M,0.01
30-Mar-17,1466.20,1428.00,1479.95,1425.05,8.58M,0.03
31-Mar-17,1442.55,1453.80,1454.00,1436.55,2.41M,0.02
3-Apr-17,1433.20,1446.00,1450.10,1426.00,1.04M,0.01
5-Apr-17,1432.35,1435.25,1446.50,1427.55,1.44M,0.00
6-Apr-17,1438.50,1431.50,1443.00,1425.05,1.53M,0.00
7-Apr-17,1438.85,1431.05,1445.00,1428.60,1.16M,0.00
10-Apr-17,1434.15,1443.00,1443.00,1432.65,848.47K,0.00
11-Apr-17,1439.50,1434.00,1441.20,1431.50,1.09M,0.00
12-Apr-17,1443.70,1439.00,1449.95,1435.50,891.27K,0.00
13-Apr-17,1440.30,1443.00,1448.90,1437.05,1.20M,0.00
17-Apr-17,1436.80,1440.30,1443.80,1428.25,1.78M,0.00
18-Apr-17,1447.30,1440.00,1455.00,1438.00,909.72K,0.01
19-Apr-17,1449.00,1447.00,1456.75,1438.00,1.08M,0.00
20-Apr-17,1462.15,1453.00,1466.05,1452.95,1.45M,0.01
21-Apr-17,1496.60,1466.00,1499.00,1453.30,4.31M,0.02
24-Apr-17,1533.05,1498.10,1539.00,1497.00,5.05M,0.02
25-Apr-17,1537.05,1535.05,1545.50,1529.60,2.26M,0.00
26-Apr-17,1550.65,1542.95,1553.00,1468.45,1.95M,0.01
27-Apr-17,1568.60,1546.10,1573.95,1546.10,4.05M,0.01
28-Apr-17,1546.50,1559.90,1559.90,1537.10,1.36M,0.01
2-May-17,1540.60,1547.00,1550.90,1530.35,1.00M,0.00
3-May-17,1544.30,1554.25,1554.25,1539.35,626.99K,0.00
4-May-17,1534.80,1539.25,1542.90,1522.60,1.28M,0.01
5-May-17,1532.20,1542.10,1542.90,1526.30,689.47K,0.00
8-May-17,1534.80,1538.00,1540.00,1528.55,936.81K,0.00
9-May-17,1535.75,1534.80,1545.60,1532.65,836.46K,0.00
10-May-17,1551.80,1540.00,1555.00,1537.05,585.56K,0.01
11-May-17,1546.40,1551.00,1560.00,1541.00,968.94K,0.00
12-May-17,1551.65,1545.90,1556.90,1536.20,1.54M,0.00
15-May-17,1553.40,1550.00,1557.20,1542.25,701.20K,0.00
16-May-17,1559.65,1555.00,1562.00,1548.25,897.59K,0.00
17-May-17,1557.15,1558.80,1565.40,1551.50,868.12K,0.00
18-May-17,1557.10,1549.00,1561.50,1548.10,776.82K,0.00
19-May-17,1561.25,1559.50,1569.90,1545.25,713.53K,0.00
22-May-17,1576.00,1565.10,1580.00,1563.10,715.01K,0.01
23-May-17,1569.10,1580.00,1583.55,1565.00,770.04K,0.00
24-May-17,1566.75,1569.05,1575.45,1562.00,866.85K,0.00
25-May-17,1617.15,1567.10,1629.40,1567.10,5.02M,0.03
26-May-17,1626.00,1606.65,1632.00,1601.10,1.36M,0.01
29-May-17,1631.90,1619.80,1648.00,1617.65,1.48M,0.00
30-May-17,1629.05,1630.00,1633.50,1616.15,1.11M,0.00
31-May-17,1636.20,1625.00,1643.00,1623.15,1.33M,0.00
1-Jun-17,1628.60,1639.00,1639.85,1620.55,839.89K,0.00
2-Jun-17,1634.25,1634.00,1646.10,1626.20,803.39K,0.00
5-Jun-17,1635.55,1633.70,1638.95,1625.00,724.98K,0.00
6-Jun-17,1638.95,1635.00,1643.80,1630.00,1.25M,0.00
7-Jun-17,1640.80,1640.40,1644.90,1630.35,638.57K,0.00
8-Jun-17,1644.75,1643.90,1659.40,1641.65,1.06M,0.00
9-Jun-17,1666.80,1640.10,1670.00,1640.10,1.33M,0.01
12-Jun-17,1668.75,1664.00,1676.00,1660.00,992.85K,0.00
13-Jun-17,1676.70,1661.75,1691.90,1661.00,1.26M,0.00
14-Jun-17,1671.20,1675.00,1679.95,1667.00,964.59K,0.00
15-Jun-17,1664.35,1668.00,1675.60,1653.60,881.67K,0.00
16-Jun-17,1669.25,1665.00,1674.70,1658.10,938.78K,0.00
19-Jun-17,1692.90,1671.00,1696.00,1668.40,956.38K,0.01
20-Jun-17,1686.55,1690.00,1694.00,1679.85,915.07K,0.00
21-Jun-17,1698.70,1682.60,1701.25,1679.60,852.73K,0.01
22-Jun-17,1698.00,1694.95,1716.00,1691.20,1.67M,0.00
23-Jun-17,1678.65,1702.00,1702.75,1675.20,1.30M,0.01
27-Jun-17,1667.65,1689.00,1695.00,1656.25,1.50M,0.01
28-Jun-17,1666.45,1665.00,1675.00,1657.80,1.11M,0.00
29-Jun-17,1663.05,1667.00,1681.90,1651.10,2.30M,0.00
30-Jun-17,1652.05,1653.80,1660.00,1643.00,1.08M,0.01
3-Jul-17,1658.60,1652.60,1667.50,1647.25,876.08K,0.00
4-Jul-17,1653.35,1660.25,1666.70,1652.00,941.52K,0.00
5-Jul-17,1648.75,1653.10,1659.50,1645.00,1.00M,0.00
6-Jul-17,1658.15,1652.55,1663.00,1651.35,1.14M,0.01
7-Jul-17,1667.20,1660.85,1669.60,1658.00,1.38M,0.01
10-Jul-17,1676.35,1670.70,1748.00,1661.05,334.77K,0.01
11-Jul-17,1680.40,1677.55,1690.80,1667.10,1.10M,0.00
12-Jul-17,1681.25,1680.00,1685.00,1658.55,1.43M,0.00
13-Jul-17,1683.55,1688.00,1693.30,1679.65,1.12M,0.00
14-Jul-17,1679.95,1683.90,1686.05,1672.00,610.81K,0.00
17-Jul-17,1682.35,1682.55,1687.65,1677.00,599.84K,0.00
18-Jul-17,1683.55,1679.70,1687.85,1677.35,580.55K,0.00
19-Jul-17,1692.30,1685.00,1696.20,1681.85,996.81K,0.01
20-Jul-17,1710.90,1693.90,1715.00,1688.15,924.62K,0.01
21-Jul-17,1703.05,1714.10,1715.25,1700.00,968.38K,0.00
24-Jul-17,1735.10,1710.00,1740.00,1695.00,4.92M,0.02
25-Jul-17,1739.65,1759.00,1759.00,1733.05,2.79M,0.00
26-Jul-17,1747.55,1742.00,1755.00,1732.50,973.84K,0.00
27-Jul-17,1789.65,1756.00,1798.80,1751.55,4.49M,0.02
28-Jul-17,1778.50,1772.00,1786.50,1761.10,2.31M,0.01
31-Jul-17,1784.40,1777.55,1791.00,1766.55,1.84M,0.00
1-Aug-17,1797.20,1781.85,1809.15,1772.20,2.13M,0.01
2-Aug-17,1791.65,1807.00,1807.00,1782.05,1.85M,0.00
3-Aug-17,1779.95,1788.00,1792.00,1774.40,1.06M,0.01
4-Aug-17,1790.25,1777.00,1796.75,1766.15,886.27K,0.01
7-Aug-17,1788.55,1786.00,1796.45,1785.00,479.67K,0.00
8-Aug-17,1777.90,1792.10,1797.25,1766.10,1.01M,0.01
9-Aug-17,1764.45,1771.00,1777.05,1758.35,817.51K,0.01
10-Aug-17,1760.45,1760.00,1766.00,1752.85,1.95M,0.00
11-Aug-17,1749.05,1745.00,1758.00,1731.15,1.59M,0.01
14-Aug-17,1757.20,1753.00,1774.95,1748.00,894.27K,0.00
16-Aug-17,1781.25,1762.35,1789.80,1748.55,1.11M,0.01
17-Aug-17,1765.40,1776.25,1780.95,1753.75,1.36M,0.01
18-Aug-17,1752.15,1760.00,1761.00,1743.00,926.87K,0.01
21-Aug-17,1743.20,1754.00,1759.00,1738.20,1.00M,0.01
22-Aug-17,1747.00,1751.30,1754.00,1736.80,1.65M,0.00
23-Aug-17,1772.45,1750.00,1777.95,1750.00,840.13K,0.01
24-Aug-17,1762.50,1774.90,1774.95,1759.15,1.97M,0.01
28-Aug-17,1762.25,1762.40,1771.15,1758.35,376.95K,0.00
29-Aug-17,1746.15,1759.00,1759.00,1738.00,1.23M,0.01
30-Aug-17,1768.55,1751.95,1770.00,1750.05,673.58K,0.01
31-Aug-17,1776.45,1772.00,1779.85,1756.40,1.83M,0.00
1-Sep-17,1767.60,1781.00,1781.45,1761.10,573.79K,0.01
4-Sep-17,1750.90,1765.00,1765.00,1746.10,910.63K,0.01
5-Sep-17,1755.35,1757.00,1764.90,1751.00,920.61K,0.00
6-Sep-17,1759.90,1743.75,1762.80,1738.00,1.44M,0.00
7-Sep-17,1766.55,1760.10,1776.75,1760.10,1.74M,0.00
8-Sep-17,1787.65,1773.40,1790.00,1771.00,2.08M,0.01
11-Sep-17,1823.35,1793.00,1829.00,1790.20,2.87M,0.02
12-Sep-17,1835.20,1827.70,1839.90,1818.30,1.67M,0.01
13-Sep-17,1841.85,1835.00,1849.00,1824.00,1.25M,0.00
14-Sep-17,1839.40,1840.15,1852.50,1831.50,2.04M,0.00
15-Sep-17,1848.95,1836.00,1851.80,1833.45,941.83K,0.01
18-Sep-17,1860.45,1853.55,1864.45,1852.50,1.02M,0.01
19-Sep-17,1849.70,1864.90,1868.00,1847.55,1.06M,0.01
20-Sep-17,1848.85,1848.00,1861.45,1845.25,861.53K,0.00
21-Sep-17,1839.10,1848.00,1848.50,1830.70,1.93M,0.01
22-Sep-17,1824.10,1834.80,1838.95,1820.00,2.06M,0.01
25-Sep-17,1799.75,1822.45,1822.45,1792.60,2.54M,0.01
26-Sep-17,1792.30,1789.05,1796.60,1785.00,2.86M,0.00
27-Sep-17,1776.50,1796.00,1805.60,1770.00,1.83M,0.01
28-Sep-17,1795.30,1774.00,1799.00,1763.30,6.91M,0.01
29-Sep-17,1805.70,1800.10,1822.00,1796.25,1.55M,0.01
3-Oct-17,1808.85,1808.00,1821.00,1797.10,1.10M,0.00
4-Oct-17,1797.00,1807.90,1811.90,1793.35,1.66M,0.01
5-Oct-17,1798.60,1795.00,1805.00,1793.10,834.05K,0.00
6-Oct-17,1800.10,1798.00,1804.45,1794.00,757.67K,0.00
9-Oct-17,1795.50,1798.80,1803.00,1790.50,765.62K,0.00
10-Oct-17,1802.70,1799.00,1814.95,1792.65,949.55K,0.00
11-Oct-17,1790.15,1803.25,1815.25,1787.60,1.32M,0.01
12-Oct-17,1818.80,1795.10,1821.45,1788.00,1.35M,0.02
13-Oct-17,1850.80,1826.70,1856.55,1822.00,1.61M,0.02
16-Oct-17,1857.15,1860.00,1873.25,1842.00,818.64K,0.00
17-Oct-17,1851.25,1850.00,1853.70,1839.10,653.32K,0.00
18-Oct-17,1868.50,1841.00,1875.00,1839.00,981.68K,0.01
19-Oct-17,1848.40,1861.80,1865.00,1840.65,142.50K,0.01
23-Oct-17,1863.30,1859.90,1869.70,1836.05,1.04M,0.01
24-Oct-17,1867.10,1863.00,1879.60,1853.00,2.83M,0.00
25-Oct-17,1795.10,1860.00,1863.00,1785.00,5.34M,0.04
26-Oct-17,1795.35,1768.00,1810.00,1757.85,7.14M,0.00
27-Oct-17,1791.05,1804.40,1807.50,1779.00,1.87M,0.00
30-Oct-17,1815.00,1798.25,1816.00,1792.40,1.36M,0.01
31-Oct-17,1808.50,1811.50,1811.50,1799.25,1.17M,0.00
1-Nov-17,1821.20,1815.10,1825.00,1812.00,1.05M,0.01
2-Nov-17,1822.10,1823.00,1829.80,1816.95,1.18M,0.00
3-Nov-17,1830.70,1825.70,1840.00,1821.60,952.62K,0.00
6-Nov-17,1828.60,1825.00,1840.00,1822.60,1.54M,0.00
7-Nov-17,1823.70,1838.00,1844.95,1820.75,1.86M,0.00
8-Nov-17,1825.95,1825.20,1833.60,1819.00,820.79K,0.00
9-Nov-17,1827.85,1827.00,1835.00,1821.10,778.33K,0.00
10-Nov-17,1822.00,1821.70,1834.80,1812.35,1.94M,0.00
13-Nov-17,1813.55,1822.00,1823.15,1795.00,833.97K,0.00
14-Nov-17,1802.35,1815.90,1819.00,1800.00,1.18M,0.01
15-Nov-17,1800.25,1798.00,1803.65,1788.00,1.54M,0.00
16-Nov-17,1807.70,1804.00,1816.00,1795.20,1.00M,0.00
17-Nov-17,1825.55,1828.70,1838.30,1813.15,1.59M,0.01
20-Nov-17,1838.15,1829.00,1839.70,1829.00,598.11K,0.01
21-Nov-17,1846.25,1837.45,1850.00,1836.10,568.88K,0.00
22-Nov-17,1855.25,1849.70,1860.00,1844.55,1.42M,0.00
23-Nov-17,1842.85,1859.00,1860.00,1838.00,808.15K,0.01
24-Nov-17,1851.40,1843.00,1857.80,1841.00,1.30M,0.00
27-Nov-17,1857.55,1849.00,1862.00,1845.60,967.62K,0.00
28-Nov-17,1865.35,1856.00,1871.00,1855.85,1.27M,0.00
29-Nov-17,1873.30,1865.00,1875.50,1855.80,818.65K,0.00
30-Nov-17,1853.70,1868.70,1873.95,1840.00,1.45M,0.01
1-Dec-17,1848.20,1854.90,1860.00,1844.10,964.54K,0.00
4-Dec-17,1834.10,1854.90,1854.90,1830.10,910.48K,0.01
5-Dec-17,1820.45,1826.00,1828.55,1807.00,973.34K,0.01
6-Dec-17,1803.30,1819.95,1821.35,1799.00,1.60M,0.01
7-Dec-17,1809.65,1806.65,1816.60,1803.10,1.06M,0.00
8-Dec-17,1840.40,1814.00,1853.00,1814.00,2.24M,0.02
11-Dec-17,1846.40,1848.00,1851.75,1840.00,799.56K,0.00
12-Dec-17,1819.90,1849.10,1849.90,1815.95,602.65K,0.01
13-Dec-17,1821.35,1820.05,1845.00,1815.10,726.87K,0.00
14-Dec-17,1838.05,1824.00,1840.00,1812.00,920.77K,0.01
15-Dec-17,1873.45,1856.00,1888.00,1855.50,3.11M,0.02
18-Dec-17,1878.95,1855.00,1899.00,1809.30,3.07M,0.00
19-Dec-17,1884.50,1879.80,1893.65,1876.15,1.24M,0.00
20-Dec-17,1868.15,1898.90,1903.10,1863.65,2.34M,0.01
21-Dec-17,1868.30,1879.90,1885.00,1865.20,1.71M,0.00
22-Dec-17,1876.65,1879.00,1880.00,1861.75,1.12M,0.00
26-Dec-17,1868.35,1881.00,1882.80,1856.70,1.70M,0.00
27-Dec-17,1856.75,1870.10,1870.30,1851.15,872.35K,0.01
28-Dec-17,1878.05,1858.90,1880.90,1858.00,2.18M,0.01
29-Dec-17,1872.40,1876.80,1879.20,1868.15,1.59M,0.00
1-Jan-18,1854.50,1872.70,1880.75,1850.50,1.65M,0.01
2-Jan-18,1872.35,1858.55,1875.00,1858.55,1.19M,0.01
3-Jan-18,1852.65,1875.00,1878.25,1851.20,1.13M,0.01
4-Jan-18,1859.90,1853.00,1865.50,1853.00,593.44K,0.00
5-Jan-18,1863.60,1863.00,1868.05,1855.55,717.72K,0.00
8-Jan-18,1860.60,1865.00,1870.70,1857.75,1.14M,0.00
9-Jan-18,1863.70,1862.00,1869.85,1855.00,1.33M,0.00
10-Jan-18,1864.20,1865.20,1867.90,1857.30,1.15M,0.00
11-Jan-18,1872.55,1864.20,1876.00,1856.25,1.01M,0.00
12-Jan-18,1865.30,1873.00,1878.15,1860.00,1.08M,0.00
15-Jan-18,1897.75,1869.95,1904.40,1859.85,3.14M,0.02
16-Jan-18,1900.15,1903.45,1910.00,1885.25,1.61M,0.00
17-Jan-18,1890.50,1897.00,1902.55,1887.00,726.37K,0.01
18-Jan-18,1934.30,1924.00,1954.00,1918.05,4.16M,0.02
19-Jan-18,1952.20,1935.15,1959.90,1919.25,2.86M,0.01
22-Jan-18,1963.35,1960.00,1988.00,1953.15,2.21M,0.01
23-Jan-18,1951.30,1965.00,1966.70,1943.30,1.26M,0.01
24-Jan-18,1957.65,1952.55,1969.00,1950.60,1.20M,0.00
25-Jan-18,1974.95,1953.90,1980.00,1950.50,2.18M,0.01
29-Jan-18,1999.65,1978.00,2006.95,1978.00,2.06M,0.01
30-Jan-18,1995.50,1997.80,2001.90,1984.15,1.60M,0.00
31-Jan-18,2005.70,1989.40,2013.50,1987.00,1.74M,0.01
1-Feb-18,1991.15,2006.00,2015.00,1985.30,1.63M,0.01
2-Feb-18,1948.00,1986.00,1989.90,1941.50,1.84M,0.02
5-Feb-18,1913.85,1918.00,1935.25,1905.85,1.98M,0.02
6-Feb-18,1896.80,1860.00,1912.00,1836.30,2.69M,0.01
7-Feb-18,1872.80,1907.00,1907.00,1862.40,2.09M,0.01
8-Feb-18,1880.95,1884.00,1898.60,1866.50,1.29M,0.00
9-Feb-18,1849.50,1847.90,1864.70,1844.10,1.60M,0.02
12-Feb-18,1876.65,1860.00,1886.00,1855.15,1.10M,0.01
14-Feb-18,1883.15,1889.80,1897.90,1874.65,894.30K,0.00
15-Feb-18,1881.90,1889.70,1894.75,1875.00,1.23M,0.00
16-Feb-18,1878.60,1883.90,1894.85,1875.65,895.88K,0.00
19-Feb-18,1878.20,1882.60,1887.60,1859.05,913.64K,0.00
20-Feb-18,1863.20,1884.75,1885.85,1858.80,1.02M,0.01
21-Feb-18,1857.40,1867.95,1868.55,1852.20,688.27K,0.00
22-Feb-18,1853.20,1850.00,1860.00,1841.55,3.31M,0.00
23-Feb-18,1880.55,1856.90,1884.85,1850.40,1.02M,0.01
26-Feb-18,1911.55,1888.10,1914.80,1883.55,1.20M,0.02
27-Feb-18,1902.55,1914.75,1921.75,1900.00,1.20M,0.00
28-Feb-18,1884.20,1889.55,1895.45,1878.00,1.02M,0.01
1-Mar-18,1874.35,1879.30,1893.30,1868.00,977.46K,0.01
5-Mar-18,1869.95,1874.15,1878.00,1858.25,945.37K,0.00
6-Mar-18,1846.25,1870.00,1879.90,1839.50,1.14M,0.01
7-Mar-18,1832.60,1840.00,1853.40,1828.50,1.41M,0.01
8-Mar-18,1852.85,1839.80,1858.50,1832.00,1.38M,0.01
9-Mar-18,1851.05,1854.95,1865.25,1844.00,1.03M,0.00
12-Mar-18,1867.25,1860.20,1869.45,1853.40,1.64M,0.01
13-Mar-18,1860.25,1867.45,1884.75,1855.00,1.28M,0.00
14-Mar-18,1864.50,1856.00,1867.90,1848.00,920.10K,0.00
15-Mar-18,1880.80,1865.20,1887.50,1865.20,1.47M,0.01
16-Mar-18,1853.00,1880.00,1881.10,1846.55,1.97M,0.01
19-Mar-18,1847.25,1853.00,1860.00,1843.15,1.96M,0.00
20-Mar-18,1839.50,1845.10,1855.90,1835.25,914.34K,0.00
21-Mar-18,1858.90,1848.00,1863.20,1843.30,1.48M,0.01
22-Mar-18,1867.75,1858.90,1880.00,1855.10,1.67M,0.00
23-Mar-18,1841.55,1846.65,1853.10,1837.25,1.80M,0.01
26-Mar-18,1893.45,1839.90,1900.00,1833.50,2.63M,0.03
27-Mar-18,1892.60,1893.80,1899.00,1876.00,1.53M,0.00
28-Mar-18,1886.10,1882.95,1899.70,1876.05,2.21M,0.00
2-Apr-18,1931.20,1890.50,1935.75,1890.50,1.15M,0.02
3-Apr-18,1915.90,1923.95,1925.70,1911.00,1.02M,0.01
4-Apr-18,1883.25,1912.95,1924.95,1878.45,928.53K,0.02
5-Apr-18,1908.90,1901.30,1914.00,1890.20,1.21M,0.01
6-Apr-18,1923.40,1912.20,1926.45,1905.80,930.00K,0.01
9-Apr-18,1939.05,1918.80,1942.00,1916.40,1.00M,0.01
10-Apr-18,1920.85,1943.00,1943.00,1913.50,1.52M,0.01
11-Apr-18,1918.85,1915.90,1920.00,1905.40,717.70K,0.00
12-Apr-18,1928.80,1916.00,1932.90,1905.90,1.18M,0.01
13-Apr-18,1925.00,1928.00,1940.00,1919.10,824.29K,0.00
16-Apr-18,1942.10,1920.00,1950.00,1919.85,711.94K,0.01
17-Apr-18,1948.50,1943.50,1951.00,1934.10,666.96K,0.00
18-Apr-18,1932.60,1951.00,1953.50,1930.05,678.18K,0.01
19-Apr-18,1939.00,1940.00,1944.80,1933.00,792.26K,0.00
20-Apr-18,1955.90,1941.00,1961.00,1932.15,2.34M,0.01
23-Apr-18,1935.75,1979.00,1979.00,1860.30,3.83M,0.01
24-Apr-18,1935.00,1935.00,1948.05,1926.00,1.26M,0.00
25-Apr-18,1920.75,1927.90,1938.00,1912.00,1.01M,0.01
26-Apr-18,1930.25,1916.80,1939.20,1911.25,1.96M,0.00
27-Apr-18,1923.40,1933.00,1935.50,1912.50,1.44M,0.00
30-Apr-18,1944.30,1930.00,1954.80,1928.80,1.15M,0.01
2-May-18,1969.50,1950.00,1978.00,1946.00,1.78M,0.01
3-May-18,1967.90,1968.05,1974.90,1946.00,1.04M,0.00
4-May-18,1988.50,1970.00,1990.00,1966.30,1.72M,0.01
7-May-18,1977.40,1981.65,1987.30,1975.00,1.32M,0.01
8-May-18,1967.05,1979.25,1979.90,1954.60,1.78M,0.01
9-May-18,1978.40,1956.15,1980.50,1956.15,1.08M,0.01
10-May-18,1992.70,1988.60,1999.00,1982.00,1.79M,0.01
11-May-18,2011.75,1992.70,2017.00,1986.00,1.51M,0.01
14-May-18,2021.75,2017.20,2027.40,2012.40,1.19M,0.01
15-May-18,2037.80,2027.05,2065.00,2026.70,2.46M,0.01
16-May-18,2023.35,2030.55,2049.00,2017.15,1.71M,0.01
17-May-18,2027.75,2023.85,2044.45,2012.50,1.65M,0.00
18-May-18,2012.15,2024.70,2024.70,2003.50,1.30M,0.01
21-May-18,1993.05,2016.10,2021.00,1986.05,1.21M,0.01
22-May-18,1989.90,1998.70,2013.95,1985.50,990.09K,0.00
23-May-18,1967.50,1987.80,1994.00,1963.40,1.43M,0.01
24-May-18,1986.00,1967.10,1990.25,1956.35,1.13M,0.01
25-May-18,2008.70,1990.00,2016.00,1989.90,1.19M,0.01
28-May-18,2042.20,2007.80,2052.00,2006.00,1.28M,0.02
29-May-18,2032.60,2038.00,2052.70,2028.80,837.81K,0.00
30-May-18,2048.35,2019.70,2053.00,2016.30,1.22M,0.01
31-May-18,2139.45,2100.00,2160.00,2080.00,9.91M,0.04
1-Jun-18,2110.60,2116.00,2138.00,2101.00,5.29M,0.01
4-Jun-18,2046.20,2150.00,2157.00,2037.95,22.20M,0.03
5-Jun-18,2063.60,2050.00,2066.95,2023.00,4.28M,0.01
6-Jun-18,2057.35,2060.20,2064.80,2045.00,2.45M,0.00
7-Jun-18,2062.20,2073.20,2079.80,2053.20,2.64M,0.00
8-Jun-18,2049.35,2059.00,2061.25,2035.00,1.55M,0.01
11-Jun-18,2042.30,2051.90,2062.95,2038.80,1.77M,0.00
12-Jun-18,2043.85,2051.90,2052.70,2038.40,1.31M,0.00
13-Jun-18,2031.45,2052.00,2054.80,2024.10,1.97M,0.01
14-Jun-18,2037.40,2030.00,2045.00,2025.00,4.23M,0.00
15-Jun-18,2029.60,2026.00,2038.90,2022.30,2.72M,0.00
18-Jun-18,2019.15,2030.10,2038.80,2009.10,1.87M,0.01
19-Jun-18,2023.50,2024.95,2040.70,2019.30,2.75M,0.00
20-Jun-18,2056.15,2026.00,2058.00,2025.00,2.26M,0.02
21-Jun-18,2057.60,2060.00,2070.80,2047.05,3.38M,0.00
22-Jun-18,2083.35,2056.95,2088.80,2049.85,1.96M,0.01
25-Jun-18,2094.95,2083.05,2097.80,2073.05,1.75M,0.01
26-Jun-18,2093.70,2086.05,2103.00,2079.85,2.29M,0.00
27-Jun-18,2112.60,2093.00,2119.50,2090.00,4.78M,0.01
28-Jun-18,2130.85,2115.00,2140.00,2111.20,9.38M,0.01
29-Jun-18,2108.45,2121.70,2140.00,2105.10,4.86M,0.01
2-Jul-18,2073.25,2108.35,2108.40,2063.25,2.47M,0.02
3-Jul-18,2070.20,2073.25,2085.00,2065.60,1.72M,0.00
4-Jul-18,2103.55,2076.25,2108.05,2069.00,1.52M,0.02
5-Jul-18,2123.75,2105.00,2129.00,2092.55,2.43M,0.01
6-Jul-18,2115.15,2113.30,2135.55,2111.35,2.03M,0.00
9-Jul-18,2125.65,2121.85,2130.00,2107.75,1.55M,0.01
10-Jul-18,2146.40,2129.90,2149.60,2125.00,2.74M,0.01
11-Jul-18,2148.25,2145.05,2155.70,2134.80,1.46M,0.00
12-Jul-18,2165.95,2152.90,2179.85,2152.00,2.01M,0.01
13-Jul-18,2180.90,2168.40,2190.80,2163.10,1.79M,0.01
16-Jul-18,2168.85,2179.40,2190.05,2163.75,2.25M,0.01
17-Jul-18,2176.75,2163.25,2181.00,2163.25,1.59M,0.00
18-Jul-18,2176.20,2187.00,2220.00,2173.65,4.37M,0.00
19-Jul-18,2186.10,2183.00,2193.50,2171.00,1.33M,0.00
20-Jul-18,2189.05,2186.10,2202.85,2171.10,2.50M,0.00
23-Jul-18,2156.45,2150.00,2178.00,2138.05,4.22M,0.01
24-Jul-18,2159.75,2147.00,2169.00,2147.00,1.30M,0.00
25-Jul-18,2170.35,2164.65,2176.80,2160.00,1.76M,0.00
26-Jul-18,2192.60,2165.00,2203.45,2165.00,5.32M,0.01
27-Jul-18,2202.15,2201.95,2211.95,2184.70,2.64M,0.00
30-Jul-18,2169.90,2199.00,2199.00,2159.40,1.79M,0.01
31-Jul-18,2179.50,2160.00,2185.90,2150.05,2.22M,0.00
1-Aug-18,2158.70,2162.80,2175.00,2151.70,1.52M,0.01
2-Aug-18,2130.20,2153.50,2153.70,2121.35,2.23M,0.01
3-Aug-18,2121.65,2133.55,2147.05,2114.00,3.40M,0.00
6-Aug-18,2114.30,2121.00,2137.40,2106.10,1.44M,0.00
7-Aug-18,2130.90,2125.00,2134.50,2108.00,1.86M,0.01
8-Aug-18,2136.35,2135.85,2151.80,2133.05,2.49M,0.00
9-Aug-18,2118.50,2142.00,2142.00,2094.65,2.24M,0.01
10-Aug-18,2114.45,2123.50,2123.80,2098.00,1.36M,0.00
13-Aug-18,2091.65,2084.00,2103.95,2080.00,2.51M,0.01
14-Aug-18,2089.10,2098.00,2105.00,2087.20,1.23M,0.00
16-Aug-18,2075.70,2083.00,2086.70,2066.40,2.66M,0.01
17-Aug-18,2077.35,2082.90,2093.05,2071.65,1.52M,0.00
20-Aug-18,2096.20,2075.00,2107.60,2075.00,1.95M,0.01
21-Aug-18,2096.05,2098.00,2112.00,2092.65,1.94M,0.00
23-Aug-18,2079.90,2105.00,2107.00,2076.85,3.14M,0.01
24-Aug-18,2069.85,2071.00,2093.60,2066.05,2.43M,0.00
27-Aug-18,2080.45,2077.00,2088.50,2070.25,3.14M,0.01
28-Aug-18,2094.85,2088.00,2098.25,2078.80,2.49M,0.01
29-Aug-18,2078.50,2092.15,2094.05,2072.75,2.47M,0.01
30-Aug-18,2066.10,2083.60,2087.90,2061.85,5.46M,0.01
31-Aug-18,2061.20,2069.20,2078.75,2058.25,3.94M,0.00
3-Sep-18,2075.05,2069.40,2078.95,2063.50,1.92M,0.01
4-Sep-18,2051.80,2076.90,2077.95,2049.00,1.78M,0.01
5-Sep-18,2045.85,2053.80,2060.20,2035.55,1.41M,0.00
6-Sep-18,2052.20,2049.00,2059.00,2032.60,2.60M,0.00
7-Sep-18,2056.95,2051.00,2060.00,2040.75,1.48M,0.00
10-Sep-18,2041.15,2055.00,2055.00,2025.10,2.15M,0.01
11-Sep-18,2000.40,2046.30,2048.00,1994.15,4.55M,0.02
12-Sep-18,2011.85,2001.90,2021.35,1989.55,3.06M,0.01
14-Sep-18,2029.60,2019.85,2037.40,2018.95,2.58M,0.01
17-Sep-18,1992.20,2021.30,2022.95,1988.00,2.33M,0.02
18-Sep-18,1989.20,1994.90,2009.85,1980.95,2.33M,0.00
19-Sep-18,1961.35,1994.85,1998.00,1956.50,4.18M,0.01
21-Sep-18,1970.25,1973.90,1999.85,1910.20,5.65M,0.00
24-Sep-18,1925.70,1967.25,1972.20,1915.00,3.35M,0.02
25-Sep-18,1952.40,1925.70,1962.00,1915.00,4.17M,0.01
26-Sep-18,1968.20,1962.95,1978.00,1955.30,3.68M,0.01
27-Sep-18,1976.15,1969.40,1986.00,1955.15,4.59M,0.00
28-Sep-18,2006.05,1980.65,2015.45,1977.15,3.62M,0.02
1-Oct-18,2035.45,2009.80,2042.00,1997.80,3.11M,0.01
3-Oct-18,2031.15,2030.45,2052.20,2007.00,3.83M,0.00
4-Oct-18,1957.75,2008.00,2017.80,1943.00,4.49M,0.04
5-Oct-18,1965.30,1953.95,1990.00,1940.15,3.93M,0.00
8-Oct-18,1945.00,1965.00,1969.00,1930.00,5.03M,0.01
9-Oct-18,1940.60,1944.40,1965.00,1930.00,3.11M,0.00
10-Oct-18,1967.15,1945.00,1982.25,1935.50,3.98M,0.01
11-Oct-18,1937.55,1925.00,1948.30,1917.60,3.59M,0.02
12-Oct-18,1981.85,1945.00,1997.10,1942.00,2.40M,0.02
15-Oct-18,2008.05,1990.00,2010.80,1970.30,3.15M,0.01
16-Oct-18,1992.75,2003.00,2018.20,1987.50,2.35M,0.01
17-Oct-18,1974.60,2006.10,2013.00,1963.50,1.99M,0.01
19-Oct-18,1967.75,1958.90,1980.85,1958.00,2.47M,0.00
22-Oct-18,1998.90,2014.00,2020.00,1988.60,5.08M,0.02
23-Oct-18,1984.85,1973.00,1998.90,1973.00,4.86M,0.01
24-Oct-18,1992.25,2004.00,2008.80,1972.60,4.52M,0.00
25-Oct-18,1968.80,1973.60,2003.60,1962.45,7.46M,0.01
26-Oct-18,1961.20,1968.80,1977.20,1949.00,3.79M,0.00
29-Oct-18,1926.30,1964.10,1964.95,1895.20,4.26M,0.02
30-Oct-18,1912.75,1925.00,1932.00,1899.30,3.46M,0.01
31-Oct-18,1911.75,1902.05,1917.90,1885.00,5.86M,0.00
1-Nov-18,1912.20,1930.00,1930.00,1896.00,4.91M,0.00
2-Nov-18,1949.45,1926.00,1960.00,1912.00,7.52M,0.02
5-Nov-18,1956.00,1949.90,1959.65,1938.00,1.43M,0.00
6-Nov-18,1946.55,1955.00,1976.00,1942.95,2.12M,0.00
7-Nov-18,1957.95,1961.00,1964.95,1950.00,239.69K,0.01
9-Nov-18,1945.40,1958.20,1959.90,1936.30,2.53M,0.01
12-Nov-18,1921.05,1951.50,1962.00,1917.15,1.98M,0.01
13-Nov-18,1927.75,1919.00,1937.70,1908.20,3.34M,0.00
14-Nov-18,1957.75,1938.55,1960.00,1936.60,6.53M,0.02
15-Nov-18,1975.15,1961.90,1977.30,1931.20,2.60M,0.01
16-Nov-18,2004.30,1981.00,2013.00,1980.00,3.95M,0.01